Unnamed: 0,Year,Month,DayofMonth,DayOfWeek,DepTime,CRSDepTime,ArrTime,CRSArrTime,UniqueCarrier,FlightNum,TailNum,ActualElapsedTime,CRSElapsedTime,AirTime,ArrDelay,DepDelay,Origin,Dest,Distance,TaxiIn,TaxiOut,Cancelled,CancellationCode,Diverted,CarrierDelay,WeatherDelay,NASDelay,SecurityDelay,LateAircraftDelay
4,2003,6,23,1,1328,1255,1655.0,1615,AA,1362,N4YUAA,147.0,140,107.0,40.0,33,ORD,JFK,740,8.0,32,0,N,0,0.0,0.0,40.0,0.0,0.0
10,2003,6,23,1,1207,1155,1513.0,1455,AA,1363,N4XNAA,246.0,240,215.0,18.0,12,BOS,DFW,1562,11.0,20,0,N,0,8.0,0.0,6.0,0.0,4.0
11,2003,6,28,6,1209,1155,1511.0,1455,AA,1363,N4XCAA,242.0,240,209.0,16.0,14,BOS,DFW,1562,18.0,15,0,N,0,0.0,0.0,2.0,0.0,14.0
12,2003,6,2,1,1726,1715,2024.0,2005,AA,1366,N584AA,118.0,110,77.0,19.0,11,COS,DFW,592,19.0,22,0,N,0,0.0,0.0,8.0,0.0,11.0
13,2003,6,6,5,1748,1715,2029.0,2005,AA,1366,N462AA,101.0,110,82.0,24.0,33,COS,DFW,592,8.0,11,0,N,0,0.0,0.0,0.0,0.0,24.0
14,2003,6,9,1,1828,1715,2109.0,2005,AA,1366,N530AA,101.0,110,80.0,64.0,73,COS,DFW,592,7.0,14,0,N,0,0.0,0.0,3.0,0.0,61.0
16,2003,6,16,1,1747,1715,2042.0,2005,AA,1366,N522AA,115.0,110,77.0,37.0,32,COS,DFW,592,26.0,12,0,N,0,0.0,0.0,5.0,0.0,32.0
17,2003,6,19,4,1931,1715,2208.0,2005,AA,1366,N570AA,97.0,110,77.0,123.0,136,COS,DFW,592,8.0,12,0,N,0,0.0,0.0,0.0,0.0,123.0
18,2003,6,20,5,1847,1715,2128.0,2005,AA,1366,N511AA,101.0,110,79.0,83.0,92,COS,DFW,592,10.0,12,0,N,0,0.0,0.0,0.0,0.0,83.0
19,2003,6,21,6,1745,1715,2025.0,2005,AA,1366,N587AA,100.0,110,78.0,20.0,30,COS,DFW,592,8.0,14,0,N,0,0.0,0.0,0.0,0.0,20.0
22,2003,6,24,2,1842,1715,2122.0,2005,AA,1366,N428AA,100.0,110,76.0,77.0,87,COS,DFW,592,12.0,12,0,N,0,0.0,0.0,0.0,0.0,77.0
26,2003,6,6,5,2128,2050,43.0,5,AA,1366,N461AA,135.0,135,118.0,38.0,38,DFW,JAX,919,5.0,12,0,N,0,38.0,0.0,0.0,0.0,0.0
28,2003,6,9,1,2206,2050,133.0,5,AA,1366,N530AA,147.0,135,127.0,88.0,76,DFW,JAX,919,3.0,17,0,N,0,0.0,22.0,12.0,0.0,54.0
31,2003,6,16,1,2131,2050,40.0,5,AA,1366,N580AA,129.0,135,113.0,35.0,41,DFW,JAX,919,5.0,11,0,N,0,35.0,0.0,0.0,0.0,0.0
32,2003,6,17,2,2222,2050,139.0,5,AA,1366,N474AA,137.0,135,109.0,94.0,92,DFW,JAX,919,10.0,18,0,N,0,0.0,92.0,2.0,0.0,0.0
33,2003,6,19,4,2305,2050,211.0,5,AA,1366,N501AA,126.0,135,108.0,126.0,135,DFW,JAX,919,5.0,13,0,N,0,65.0,0.0,0.0,0.0,61.0
34,2003,6,20,5,2210,2050,123.0,5,AA,1366,N511AA,133.0,135,111.0,78.0,80,DFW,JAX,919,8.0,14,0,N,0,7.0,0.0,0.0,0.0,71.0
36,2003,6,22,7,2126,2050,37.0,5,AA,1366,N558AA,131.0,135,115.0,32.0,36,DFW,JAX,919,6.0,10,0,N,0,32.0,0.0,0.0,0.0,0.0
37,2003,6,24,2,2151,2050,100.0,5,AA,1366,N428AA,129.0,135,116.0,55.0,61,DFW,JAX,919,3.0,10,0,N,0,0.0,0.0,0.0,0.0,55.0
38,2003,6,25,3,2151,2050,148.0,5,AA,1366,N482AA,177.0,135,114.0,103.0,61,DFW,JAX,919,5.0,58,0,N,0,0.0,61.0,42.0,0.0,0.0
39,2003,6,27,5,2059,2050,22.0,5,AA,1366,N253AA,143.0,135,119.0,17.0,9,DFW,JAX,919,4.0,20,0,N,0,9.0,0.0,8.0,0.0,0.0
40,2003,6,1,7,948,720,1223.0,955,AA,1368,N553AA,155.0,155,133.0,148.0,148,MCO,LGA,950,6.0,16,0,N,0,148.0,0.0,0.0,0.0,0.0
42,2003,6,6,5,730,720,1018.0,955,AA,1368,N540AA,168.0,155,154.0,23.0,10,MCO,LGA,950,3.0,11,0,N,0,10.0,0.0,13.0,0.0,0.0
43,2003,6,7,6,745,720,1025.0,955,AA,1368,N4WTAA,160.0,155,144.0,30.0,25,MCO,LGA,950,3.0,13,0,N,0,25.0,0.0,5.0,0.0,0.0
44,2003,6,8,7,1036,720,1312.0,955,AA,1368,N200AA,156.0,155,136.0,197.0,196,MCO,LGA,950,10.0,10,0,N,0,196.0,0.0,1.0,0.0,0.0
45,2003,6,13,5,757,720,1034.0,955,AA,1368,N579AA,157.0,155,139.0,39.0,37,MCO,LGA,950,4.0,14,0,N,0,37.0,0.0,2.0,0.0,0.0
46,2003,6,18,3,759,720,1048.0,955,AA,1368,N248AA,169.0,155,140.0,53.0,39,MCO,LGA,950,13.0,16,0,N,0,39.0,0.0,14.0,0.0,0.0
47,2003,6,20,5,756,720,1018.0,955,AA,1368,N442AA,142.0,155,128.0,23.0,36,MCO,LGA,950,3.0,11,0,N,0,23.0,0.0,0.0,0.0,0.0
48,2003,6,27,5,745,720,1024.0,955,AA,1368,N423AA,159.0,155,138.0,29.0,25,MCO,LGA,950,3.0,18,0,N,0,25.0,0.0,4.0,0.0,0.0
50,2003,6,1,7,1640,1555,1801.0,1725,AA,1369,N448AA,141.0,150,115.0,36.0,45,EWR,ORD,719,6.0,20,0,N,0,0.0,0.0,0.0,0.0,36.0
51,2003,6,3,2,1809,1555,1957.0,1725,AA,1369,N456AA,168.0,150,121.0,152.0,134,EWR,ORD,719,6.0,41,0,N,0,0.0,0.0,62.0,0.0,90.0
52,2003,6,4,3,1731,1555,1905.0,1725,AA,1369,N567AA,154.0,150,109.0,100.0,96,EWR,ORD,719,7.0,38,0,N,0,0.0,0.0,14.0,0.0,86.0
54,2003,6,11,3,1657,1555,1835.0,1725,AA,1369,N241AA,158.0,150,111.0,70.0,62,EWR,ORD,719,11.0,36,0,N,0,0.0,0.0,70.0,0.0,0.0
55,2003,6,12,4,1616,1555,1756.0,1725,AA,1369,N557AA,160.0,150,109.0,31.0,21,EWR,ORD,719,10.0,41,0,N,0,0.0,0.0,31.0,0.0,0.0
56,2003,6,13,5,1642,1555,1825.0,1725,AA,1369,N255AA,163.0,150,110.0,60.0,47,EWR,ORD,719,9.0,44,0,N,0,0.0,0.0,41.0,0.0,19.0
57,2003,6,15,7,1603,1555,1755.0,1725,AA,1369,N408AA,172.0,150,121.0,30.0,8,EWR,ORD,719,10.0,41,0,N,0,0.0,0.0,27.0,0.0,3.0
59,2003,6,17,2,1649,1555,1828.0,1725,AA,1369,N292AA,159.0,150,113.0,63.0,54,EWR,ORD,719,15.0,31,0,N,0,0.0,0.0,63.0,0.0,0.0
61,2003,6,20,5,1640,1555,1825.0,1725,AA,1369,N478AA,165.0,150,118.0,60.0,45,EWR,ORD,719,14.0,33,0,N,0,31.0,0.0,15.0,0.0,14.0
62,2003,6,22,7,1719,1555,1920.0,1725,AA,1369,N439AA,181.0,150,111.0,115.0,84,EWR,ORD,719,21.0,49,0,N,0,0.0,0.0,115.0,0.0,0.0
63,2003,6,23,1,1736,1555,1905.0,1725,AA,1369,N554AA,149.0,150,116.0,100.0,101,EWR,ORD,719,4.0,29,0,N,0,0.0,0.0,8.0,0.0,92.0
64,2003,6,24,2,1608,1555,1815.0,1725,AA,1369,N406AA,187.0,150,115.0,50.0,13,EWR,ORD,719,11.0,61,0,N,0,0.0,0.0,39.0,0.0,11.0
65,2003,6,25,3,1629,1555,1818.0,1725,AA,1369,N459AA,169.0,150,113.0,53.0,34,EWR,ORD,719,10.0,46,0,N,0,0.0,0.0,53.0,0.0,0.0
67,2003,6,27,5,1634,1555,1808.0,1725,AA,1369,N4XRAA,154.0,150,113.0,43.0,39,EWR,ORD,719,10.0,31,0,N,0,0.0,0.0,43.0,0.0,0.0
68,2003,6,29,7,1720,1555,1905.0,1725,AA,1369,N481AA,165.0,150,114.0,100.0,85,EWR,ORD,719,9.0,42,0,N,0,0.0,64.0,15.0,0.0,21.0
70,2003,6,7,6,723,610,935.0,800,AA,1370,N444AA,192.0,170,167.0,95.0,73,BOS,STL,1046,5.0,20,0,N,0,73.0,0.0,22.0,0.0,0.0
72,2003,6,7,6,1007,850,1328.0,1210,AA,1370,N410AA,141.0,140,127.0,78.0,77,STL,RSW,979,3.0,11,0,N,0,77.0,0.0,1.0,0.0,0.0
73,2003,6,9,1,1620,1430,1758.0,1615,AA,1373,N524AA,158.0,165,137.0,103.0,110,MCO,DFW,984,9.0,12,0,N,0,0.0,79.0,0.0,0.0,24.0
74,2003,6,12,4,1601,1430,1747.0,1615,AA,1373,N543AA,166.0,165,142.0,92.0,91,MCO,DFW,984,7.0,17,0,N,0,0.0,0.0,1.0,0.0,91.0
75,2003,6,13,5,1525,1430,1705.0,1615,AA,1373,N524AA,160.0,165,142.0,50.0,55,MCO,DFW,984,4.0,14,0,N,0,0.0,5.0,0.0,0.0,45.0
76,2003,6,17,2,1438,1430,1723.0,1615,AA,1373,N538AA,225.0,165,197.0,68.0,8,MCO,DFW,984,12.0,16,0,N,0,0.0,0.0,60.0,0.0,8.0
77,2003,6,18,3,1449,1430,1640.0,1615,AA,1373,N540AA,171.0,165,149.0,25.0,19,MCO,DFW,984,10.0,12,0,N,0,0.0,0.0,6.0,0.0,19.0
78,2003,6,19,4,1527,1430,1710.0,1615,AA,1373,N503AA,163.0,165,141.0,55.0,57,MCO,DFW,984,10.0,12,0,N,0,0.0,0.0,0.0,0.0,55.0
80,2003,6,21,6,1553,1430,1746.0,1615,AA,1373,N586AA,173.0,165,133.0,91.0,83,MCO,DFW,984,16.0,24,0,N,0,0.0,21.0,8.0,0.0,62.0
82,2003,6,25,3,1543,1430,1736.0,1615,AA,1373,N521AA,173.0,165,146.0,81.0,73,MCO,DFW,984,17.0,10,0,N,0,0.0,56.0,8.0,0.0,17.0
83,2003,6,30,1,1517,1430,1657.0,1615,AA,1373,N406AA,160.0,165,139.0,42.0,47,MCO,DFW,984,9.0,12,0,N,0,0.0,0.0,0.0,0.0,42.0
84,2003,6,1,7,1512,1430,1914.0,1835,AA,1374,N516AA,182.0,185,163.0,39.0,42,DFW,DCA,1192,6.0,13,0,N,0,5.0,0.0,0.0,0.0,34.0
85,2003,6,3,2,1708,1430,2132.0,1835,AA,1374,N208AA,204.0,185,185.0,177.0,158,DFW,DCA,1192,6.0,13,0,N,0,136.0,0.0,19.0,0.0,22.0
86,2003,6,4,3,1458,1430,2035.0,1835,AA,1374,N4XAAA,277.0,185,198.0,120.0,28,DFW,DCA,1192,67.0,12,0,N,0,4.0,0.0,92.0,0.0,24.0
89,2003,6,7,6,1505,1430,1906.0,1835,AA,1374,N561AA,181.0,185,167.0,31.0,35,DFW,DCA,1192,5.0,9,0,N,0,12.0,0.0,0.0,0.0,19.0
90,2003,6,9,1,1558,1430,2110.0,1835,AA,1374,N479AA,252.0,185,156.0,155.0,88,DFW,DCA,1192,5.0,91,0,N,0,0.0,5.0,67.0,0.0,83.0
91,2003,6,10,2,1522,1430,1915.0,1835,AA,1374,N253AA,173.0,185,146.0,40.0,52,DFW,DCA,1192,4.0,23,0,N,0,0.0,0.0,16.0,0.0,24.0
92,2003,6,12,4,1640,1430,2043.0,1835,AA,1374,N4WUAA,183.0,185,162.0,128.0,130,DFW,DCA,1192,6.0,15,0,N,0,110.0,0.0,0.0,0.0,18.0
93,2003,6,13,5,1609,1430,2006.0,1835,AA,1374,N537AA,177.0,185,159.0,91.0,99,DFW,DCA,1192,5.0,13,0,N,0,0.0,0.0,70.0,0.0,21.0
94,2003,6,17,2,1438,1430,1902.0,1835,AA,1374,N503AA,204.0,185,153.0,27.0,8,DFW,DCA,1192,25.0,26,0,N,0,0.0,2.0,19.0,0.0,6.0
96,2003,6,19,4,1536,1430,2021.0,1835,AA,1374,N583AA,225.0,185,153.0,106.0,66,DFW,DCA,1192,57.0,15,0,N,0,0.0,66.0,40.0,0.0,0.0
97,2003,6,20,5,1521,1430,1914.0,1835,AA,1374,N4YMAA,173.0,185,155.0,39.0,51,DFW,DCA,1192,4.0,14,0,N,0,11.0,0.0,0.0,0.0,28.0
98,2003,6,21,6,1517,1430,1858.0,1835,AA,1374,N241AA,161.0,185,145.0,23.0,47,DFW,DCA,1192,5.0,11,0,N,0,6.0,0.0,0.0,0.0,17.0
99,2003,6,22,7,1652,1430,2141.0,1835,AA,1374,N432AA,229.0,185,145.0,186.0,142,DFW,DCA,1192,66.0,18,0,N,0,0.0,0.0,179.0,0.0,7.0
100,2004,6,23,1,1535,1430,1928.0,1835,AA,1374,N292AA,173.0,185,159.0,53.0,65,DFW,DCA,1192,5.0,9,0,N,0,50.0,0.0,0.0,0.0,3.0
102,2004,6,28,6,1459,1430,1908.0,1835,AA,1374,N537AA,189.0,185,165.0,33.0,29,DFW,DCA,1192,10.0,14,0,N,0,0.0,0.0,9.0,0.0,24.0
104,2004,6,30,1,1608,1430,1957.0,1835,AA,1374,N227AA,169.0,185,144.0,82.0,98,DFW,DCA,1192,6.0,19,0,N,0,17.0,0.0,0.0,0.0,65.0
107,2004,6,10,2,826,725,1205.0,1110,AA,1375,N630AA,219.0,225,203.0,55.0,61,BDL,SJU,1666,5.0,11,0,N,0,55.0,0.0,0.0,0.0,0.0
112,2004,6,5,4,1357,1345,1507.0,1450,AA,1377,N4WNAA,70.0,65,43.0,17.0,12,DFW,XNA,281,6.0,21,0,N,0,10.0,0.0,5.0,0.0,2.0
113,2004,6,6,5,1412,1345,1526.0,1450,AA,1377,N587AA,74.0,65,49.0,36.0,27,DFW,XNA,281,7.0,18,0,N,0,6.0,0.0,9.0,0.0,21.0
115,2004,6,16,1,1358,1345,1507.0,1450,AA,1377,N530AA,69.0,65,45.0,17.0,13,DFW,XNA,281,6.0,18,0,N,0,9.0,0.0,4.0,0.0,4.0
116,2004,6,19,4,1419,1345,1518.0,1450,AA,1377,N428AA,59.0,65,44.0,28.0,34,DFW,XNA,281,4.0,11,0,N,0,0.0,28.0,0.0,0.0,0.0
117,2004,6,20,5,1435,1345,1554.0,1450,AA,1377,N298AA,79.0,65,49.0,64.0,50,DFW,XNA,281,12.0,18,0,N,0,5.0,0.0,14.0,0.0,45.0
118,2004,6,23,1,1433,1345,1534.0,1450,AA,1377,N410AA,61.0,65,48.0,44.0,48,DFW,XNA,281,5.0,8,0,N,0,41.0,0.0,0.0,0.0,3.0
120,2004,6,26,4,1419,1345,1521.0,1450,AA,1377,N550AA,62.0,65,44.0,31.0,34,DFW,XNA,281,4.0,14,0,N,0,31.0,0.0,0.0,0.0,0.0
123,2004,6,20,5,1126,1055,1350.0,1255,AA,1377,N298AA,204.0,180,169.0,55.0,31,IAD,DFW,1172,23.0,12,0,N,0,31.0,0.0,24.0,0.0,0.0
124,2004,6,22,7,1035,1025,1244.0,1225,AA,1377,N506AA,189.0,180,161.0,19.0,10,IAD,DFW,1172,15.0,13,0,N,0,10.0,0.0,9.0,0.0,0.0
126,2004,6,1,7,1249,1050,1354.0,1150,AA,1378,N555AA,65.0,60,43.0,124.0,119,SAT,DFW,247,9.0,13,0,N,0,0.0,0.0,5.0,0.0,119.0
127,2004,6,9,1,1057,1050,1210.0,1150,AA,1378,N441AA,73.0,60,42.0,20.0,7,SAT,DFW,247,18.0,13,0,N,0,0.0,0.0,17.0,0.0,3.0
128,2004,6,10,2,1101,1050,1217.0,1150,AA,1378,N486AA,76.0,60,49.0,27.0,11,SAT,DFW,247,12.0,15,0,N,0,0.0,0.0,20.0,0.0,7.0
129,2004,6,11,3,1125,1050,1230.0,1150,AA,1378,N469AA,65.0,60,45.0,40.0,35,SAT,DFW,247,8.0,12,0,N,0,0.0,0.0,5.0,0.0,35.0
130,2004,6,13,5,1100,1050,1215.0,1150,AA,1378,N478AA,75.0,60,44.0,25.0,10,SAT,DFW,247,20.0,11,0,N,0,0.0,0.0,18.0,0.0,7.0
131,2004,6,15,7,1228,1050,1330.0,1150,AA,1378,N547AA,62.0,60,44.0,100.0,98,SAT,DFW,247,10.0,8,0,N,0,98.0,0.0,2.0,0.0,0.0
132,2004,6,17,2,1305,1050,1412.0,1150,AA,1378,N462AA,67.0,60,46.0,142.0,135,SAT,DFW,247,11.0,10,0,N,0,0.0,0.0,81.0,0.0,61.0
134,2004,6,22,7,1059,1050,1221.0,1150,AA,1378,N476AA,82.0,60,47.0,31.0,9,SAT,DFW,247,17.0,18,0,N,0,0.0,0.0,22.0,0.0,9.0
135,2004,6,28,6,1104,1050,1216.0,1150,AA,1378,N468AA,72.0,60,42.0,26.0,14,SAT,DFW,247,16.0,14,0,N,0,14.0,0.0,12.0,0.0,0.0
136,2004,6,29,7,1113,1050,1214.0,1150,AA,1378,N584AA,61.0,60,41.0,24.0,23,SAT,DFW,247,9.0,11,0,N,0,0.0,0.0,1.0,0.0,23.0
137,2004,6,3,2,804,750,1006.0,945,AA,1379,N5BSAA,182.0,175,157.0,21.0,14,MIA,DFW,1121,7.0,18,0,N,0,14.0,0.0,7.0,0.0,0.0
138,2004,6,5,4,1007,750,1155.0,945,AA,1379,N616AA,168.0,175,150.0,130.0,137,MIA,DFW,1121,5.0,13,0,N,0,130.0,0.0,0.0,0.0,0.0
139,2004,6,15,7,846,750,1028.0,945,AA,1379,N5CTAA,162.0,175,148.0,43.0,56,MIA,DFW,1121,5.0,9,0,N,0,43.0,0.0,0.0,0.0,0.0
140,2004,6,24,2,826,750,1031.0,945,AA,1379,N5FGAA,185.0,175,148.0,46.0,36,MIA,DFW,1121,9.0,28,0,N,0,36.0,0.0,10.0,0.0,0.0
143,2004,6,3,2,1614,1545,1924.0,1855,AA,1380,N593AA,130.0,130,104.0,29.0,29,DFW,IND,762,15.0,11,0,N,0,29.0,0.0,0.0,0.0,0.0
145,2004,6,10,2,1605,1545,1910.0,1855,AA,1380,N4WDAA,125.0,130,103.0,15.0,20,DFW,IND,762,8.0,14,0,N,0,15.0,0.0,0.0,0.0,0.0
146,2004,6,11,3,1646,1545,1945.0,1855,AA,1380,N4WVAA,119.0,130,101.0,50.0,61,DFW,IND,762,6.0,12,0,N,0,50.0,0.0,0.0,0.0,0.0
147,2004,6,13,5,1637,1545,1942.0,1855,AA,1380,N4YDAA,125.0,130,101.0,47.0,52,DFW,IND,762,8.0,16,0,N,0,47.0,0.0,0.0,0.0,0.0
149,2004,6,17,2,1611,1545,1913.0,1855,AA,1380,N4YGAA,122.0,130,101.0,18.0,26,DFW,IND,762,4.0,17,0,N,0,0.0,3.0,0.0,0.0,15.0
150,2004,6,19,4,1659,1545,2002.0,1855,AA,1380,N420AA,123.0,130,105.0,67.0,74,DFW,IND,762,9.0,9,0,N,0,0.0,67.0,0.0,0.0,0.0
151,2004,6,20,5,1703,1545,2011.0,1855,AA,1380,N459AA,128.0,130,101.0,76.0,78,DFW,IND,762,12.0,15,0,N,0,62.0,0.0,0.0,0.0,14.0
153,2004,6,27,5,1625,1545,1928.0,1855,AA,1380,N410AA,123.0,130,105.0,33.0,40,DFW,IND,762,9.0,9,0,N,0,33.0,0.0,0.0,0.0,0.0
155,2004,6,29,7,1554,1545,1917.0,1855,AA,1380,N436AA,143.0,130,104.0,22.0,9,DFW,IND,762,20.0,19,0,N,0,9.0,0.0,13.0,0.0,0.0
156,2004,6,2,1,1232,1225,1402.0,1340,AA,1381,N530AA,150.0,135,108.0,22.0,7,ATL,DFW,732,22.0,20,0,N,0,7.0,0.0,15.0,0.0,0.0
157,2004,6,4,3,1246,1225,1358.0,1340,AA,1381,N534AA,132.0,135,112.0,18.0,21,ATL,DFW,732,6.0,14,0,N,0,0.0,0.0,0.0,0.0,18.0
158,2004,6,5,4,1245,1225,1359.0,1340,AA,1381,N218AA,134.0,135,111.0,19.0,20,ATL,DFW,732,8.0,15,0,N,0,19.0,0.0,0.0,0.0,0.0
159,2004,6,7,6,1233,1225,1356.0,1340,AA,1381,N232AA,143.0,135,107.0,16.0,8,ATL,DFW,732,22.0,14,0,N,0,0.0,0.0,12.0,0.0,4.0
160,2004,6,18,3,1242,1225,1401.0,1340,AA,1381,N227AA,139.0,135,104.0,21.0,17,ATL,DFW,732,15.0,20,0,N,0,4.0,0.0,4.0,0.0,13.0
161,2004,6,20,5,1401,1225,1519.0,1340,AA,1381,N509AA,138.0,135,111.0,99.0,96,ATL,DFW,732,13.0,14,0,N,0,0.0,0.0,3.0,0.0,96.0
164,2004,6,26,4,1330,1225,1441.0,1340,AA,1381,N244AA,131.0,135,101.0,61.0,65,ATL,DFW,732,11.0,19,0,N,0,0.0,0.0,0.0,0.0,61.0
165,2004,6,29,7,1232,1225,1358.0,1340,AA,1381,N208AA,146.0,135,104.0,18.0,7,ATL,DFW,732,23.0,19,0,N,0,7.0,0.0,11.0,0.0,0.0
166,2004,6,30,1,1249,1225,1404.0,1340,AA,1381,N4UBAA,135.0,135,105.0,24.0,24,ATL,DFW,732,13.0,17,0,N,0,0.0,0.0,0.0,0.0,24.0
169,2004,6,4,3,1505,1425,1555.0,1525,AA,1381,N534AA,50.0,60,33.0,30.0,40,DFW,OKC,175,5.0,12,0,N,0,24.0,0.0,0.0,0.0,6.0
170,2004,6,5,4,1438,1425,1542.0,1525,AA,1381,N560AA,64.0,60,34.0,17.0,13,DFW,OKC,175,5.0,25,0,N,0,4.0,0.0,4.0,0.0,9.0
172,2004,6,9,1,1442,1425,1559.0,1525,AA,1381,N428AA,77.0,60,55.0,34.0,17,DFW,OKC,175,5.0,17,0,N,0,7.0,0.0,17.0,0.0,10.0
173,2004,6,14,6,1448,1425,1542.0,1525,AA,1381,N464AA,54.0,60,33.0,17.0,23,DFW,OKC,175,5.0,16,0,N,0,17.0,0.0,0.0,0.0,0.0
176,2004,6,17,2,1510,1425,1636.0,1525,AA,1381,N541AA,86.0,60,42.0,71.0,45,DFW,OKC,175,6.0,38,0,N,0,0.0,15.0,26.0,0.0,30.0
177,2004,6,18,3,1614,1425,1709.0,1525,AA,1381,N227AA,55.0,60,37.0,104.0,109,DFW,OKC,175,6.0,12,0,N,0,94.0,0.0,0.0,0.0,10.0
178,2004,6,19,4,1608,1425,1701.0,1525,AA,1381,N461AA,53.0,60,33.0,96.0,103,DFW,OKC,175,6.0,14,0,N,0,0.0,89.0,0.0,0.0,7.0
179,2004,6,20,5,1616,1425,1702.0,1525,AA,1381,N509AA,46.0,60,29.0,97.0,111,DFW,OKC,175,5.0,12,0,N,0,19.0,0.0,0.0,0.0,78.0
180,2004,6,26,4,1554,1425,1700.0,1525,AA,1381,N447AA,66.0,60,36.0,95.0,89,DFW,OKC,175,5.0,25,0,N,0,35.0,0.0,6.0,0.0,54.0
181,2004,6,27,5,1634,1425,1725.0,1525,AA,1381,N443AA,51.0,60,33.0,120.0,129,DFW,OKC,175,5.0,13,0,N,0,111.0,0.0,0.0,0.0,9.0
184,2004,6,30,1,1446,1425,1540.0,1525,AA,1381,N4UBAA,54.0,60,30.0,15.0,21,DFW,OKC,175,6.0,18,0,N,0,5.0,0.0,0.0,0.0,10.0
185,2004,6,1,7,2332,2125,211.0,20,AA,1382,N5DLAA,159.0,175,141.0,111.0,127,MIA,EWR,1086,7.0,11,0,N,0,24.0,0.0,0.0,0.0,87.0
186,2004,6,4,3,2147,2125,112.0,20,AA,1382,N629AA,205.0,175,165.0,52.0,22,MIA,EWR,1086,10.0,30,0,N,0,22.0,0.0,30.0,0.0,0.0
187,2004,6,6,5,2222,2125,104.0,20,AA,1382,N5DCAA,162.0,175,140.0,44.0,57,MIA,EWR,1086,5.0,17,0,N,0,0.0,0.0,0.0,0.0,44.0
188,2004,6,8,7,2138,2125,37.0,20,AA,1382,N5EBAA,179.0,175,157.0,17.0,13,MIA,EWR,1086,9.0,13,0,N,0,13.0,0.0,4.0,0.0,0.0
190,2004,6,10,2,2140,2125,40.0,20,AA,1382,N5EKAA,180.0,175,151.0,20.0,15,MIA,EWR,1086,7.0,22,0,N,0,15.0,0.0,5.0,0.0,0.0
192,2004,6,12,4,2209,2125,125.0,20,AA,1382,N637AA,196.0,175,156.0,65.0,44,MIA,EWR,1086,10.0,30,0,N,0,0.0,0.0,21.0,0.0,44.0
193,2004,6,14,6,2212,2125,114.0,20,AA,1382,N5CSAA,182.0,175,155.0,54.0,47,MIA,EWR,1086,12.0,15,0,N,0,3.0,0.0,7.0,0.0,44.0
194,2004,6,15,7,2150,2125,57.0,20,AA,1382,N5EKAA,187.0,175,142.0,37.0,25,MIA,EWR,1086,23.0,22,0,N,0,10.0,0.0,12.0,0.0,15.0
196,2004,6,19,4,2310,2125,156.0,20,AA,1382,N5FFAA,166.0,175,145.0,96.0,105,MIA,EWR,1086,7.0,14,0,N,0,96.0,0.0,0.0,0.0,0.0
197,2004,6,20,5,2241,2125,121.0,20,AA,1382,N5DPAA,160.0,175,141.0,61.0,76,MIA,EWR,1086,8.0,11,0,N,0,0.0,61.0,0.0,0.0,0.0
198,2004,6,21,6,2301,2125,148.0,20,AA,1382,N5DRAA,167.0,175,140.0,88.0,96,MIA,EWR,1086,6.0,21,0,N,0,0.0,24.0,0.0,0.0,64.0
199,2004,6,22,7,2226,2125,101.0,20,AA,1382,N5FKAA,155.0,175,139.0,41.0,61,MIA,EWR,1086,6.0,10,0,N,0,41.0,0.0,0.0,0.0,0.0
200,2005,6,23,1,2258,2125,137.0,20,AA,1382,N630AA,159.0,175,138.0,77.0,93,MIA,EWR,1086,5.0,16,0,N,0,44.0,0.0,0.0,0.0,33.0
201,2005,6,24,2,2315,2125,155.0,20,AA,1382,N5CNAA,160.0,175,136.0,95.0,110,MIA,EWR,1086,6.0,18,0,N,0,62.0,0.0,0.0,0.0,33.0
202,2005,6,26,4,2145,2125,113.0,20,AA,1382,N5CVAA,208.0,175,145.0,53.0,20,MIA,EWR,1086,7.0,56,0,N,0,2.0,0.0,33.0,0.0,18.0
203,2005,6,27,5,39,2125,324.0,20,AA,1382,N5CLAA,165.0,175,135.0,184.0,194,MIA,EWR,1086,8.0,22,0,N,0,184.0,0.0,0.0,0.0,0.0
205,2005,6,29,7,2221,2125,114.0,20,AA,1382,N5DHAA,173.0,175,151.0,54.0,56,MIA,EWR,1086,9.0,13,0,N,0,5.0,0.0,0.0,0.0,49.0
208,2005,6,5,4,1906,1855,2115.0,2005,AA,1389,N516AA,129.0,70,76.0,70.0,11,DFW,ICT,328,8.0,45,0,N,0,2.0,0.0,59.0,0.0,9.0
210,2005,6,9,1,2109,1855,2215.0,2005,AA,1389,N477AA,66.0,70,48.0,130.0,134,DFW,ICT,328,5.0,13,0,N,0,0.0,10.0,0.0,0.0,120.0
212,2005,6,18,3,1946,1855,2052.0,2005,AA,1389,N483AA,66.0,70,53.0,47.0,51,DFW,ICT,328,3.0,10,0,N,0,4.0,0.0,0.0,0.0,43.0
213,2005,6,19,4,2005,1855,2115.0,2005,AA,1389,N476AA,70.0,70,56.0,70.0,70,DFW,ICT,328,3.0,11,0,N,0,0.0,15.0,0.0,0.0,55.0
214,2005,6,20,5,1947,1855,2057.0,2005,AA,1389,N234AA,70.0,70,47.0,52.0,52,DFW,ICT,328,4.0,19,0,N,0,52.0,0.0,0.0,0.0,0.0
215,2005,6,22,7,1923,1855,2038.0,2005,AA,1389,N407AA,75.0,70,57.0,33.0,28,DFW,ICT,328,3.0,15,0,N,0,14.0,0.0,5.0,0.0,14.0
216,2005,6,24,2,1912,1855,2026.0,2005,AA,1389,N540AA,74.0,70,51.0,21.0,17,DFW,ICT,328,6.0,17,0,N,0,11.0,0.0,4.0,0.0,6.0
217,2005,6,25,3,1927,1855,2038.0,2005,AA,1389,N486AA,71.0,70,55.0,33.0,32,DFW,ICT,328,5.0,11,0,N,0,16.0,0.0,1.0,0.0,16.0
218,2005,6,26,4,2023,1855,2146.0,2005,AA,1389,N450AA,83.0,70,58.0,101.0,88,DFW,ICT,328,8.0,17,0,N,0,65.0,0.0,13.0,0.0,23.0
221,2005,6,1,7,1732,1700,1835.0,1810,AA,1389,N411AA,63.0,70,45.0,25.0,32,SAT,DFW,247,9.0,9,0,N,0,0.0,0.0,0.0,0.0,25.0
222,2005,6,5,4,1709,1700,1829.0,1810,AA,1389,N516AA,80.0,70,46.0,19.0,9,SAT,DFW,247,20.0,14,0,N,0,0.0,0.0,10.0,0.0,9.0
223,2005,6,7,6,1730,1700,1840.0,1810,AA,1389,N573AA,70.0,70,47.0,30.0,30,SAT,DFW,247,11.0,12,0,N,0,0.0,0.0,0.0,0.0,30.0
224,2005,6,8,7,1823,1700,1936.0,1810,AA,1389,N297AA,73.0,70,43.0,86.0,83,SAT,DFW,247,16.0,14,0,N,0,0.0,0.0,3.0,0.0,83.0
225,2005,6,9,1,1858,1700,2024.0,1810,AA,1389,N477AA,86.0,70,42.0,134.0,118,SAT,DFW,247,12.0,32,0,N,0,0.0,0.0,119.0,0.0,15.0
226,2005,6,12,4,1740,1700,1847.0,1810,AA,1389,N553AA,67.0,70,46.0,37.0,40,SAT,DFW,247,10.0,11,0,N,0,37.0,0.0,0.0,0.0,0.0
227,2005,6,18,3,1752,1700,1907.0,1810,AA,1389,N483AA,75.0,70,45.0,57.0,52,SAT,DFW,247,20.0,10,0,N,0,12.0,0.0,5.0,0.0,40.0
228,2005,6,19,4,1801,1700,1915.0,1810,AA,1389,N476AA,74.0,70,49.0,65.0,61,SAT,DFW,247,14.0,11,0,N,0,0.0,61.0,4.0,0.0,0.0
230,2005,6,22,7,1729,1700,1834.0,1810,AA,1389,N407AA,65.0,70,42.0,24.0,29,SAT,DFW,247,14.0,9,0,N,0,0.0,0.0,0.0,0.0,24.0
231,2005,6,25,3,1724,1700,1836.0,1810,AA,1389,N486AA,72.0,70,44.0,26.0,24,SAT,DFW,247,17.0,11,0,N,0,0.0,0.0,4.0,0.0,22.0
232,2005,6,26,4,1730,1700,1843.0,1810,AA,1389,N450AA,73.0,70,45.0,33.0,30,SAT,DFW,247,15.0,13,0,N,0,0.0,0.0,15.0,0.0,18.0
234,2005,6,30,1,1728,1700,1832.0,1810,AA,1389,N593AA,64.0,70,42.0,22.0,28,SAT,DFW,247,11.0,11,0,N,0,0.0,0.0,0.0,0.0,22.0
235,2005,6,2,1,1924,1850,2002.0,1935,AA,1391,N525AA,98.0,105,81.0,27.0,34,DFW,ABQ,569,3.0,14,0,N,0,24.0,0.0,0.0,0.0,3.0
236,2005,6,4,3,1944,1850,2035.0,1935,AA,1391,N421AA,111.0,105,87.0,60.0,54,DFW,ABQ,569,9.0,15,0,N,0,0.0,0.0,6.0,0.0,54.0
237,2005,6,6,5,1959,1850,2041.0,1935,AA,1391,N591AA,102.0,105,81.0,66.0,69,DFW,ABQ,569,7.0,14,0,N,0,9.0,0.0,0.0,0.0,57.0
239,2005,6,8,7,1947,1850,2032.0,1935,AA,1391,N533AA,105.0,105,80.0,57.0,57,DFW,ABQ,569,5.0,20,0,N,0,37.0,0.0,0.0,0.0,20.0
240,2005,6,9,1,2151,1850,2238.0,1935,AA,1391,N408AA,107.0,105,81.0,183.0,181,DFW,ABQ,569,8.0,18,0,N,0,35.0,15.0,2.0,0.0,131.0
241,2005,6,10,2,1857,1850,1951.0,1935,AA,1391,N523AA,114.0,105,90.0,16.0,7,DFW,ABQ,569,6.0,18,0,N,0,7.0,0.0,9.0,0.0,0.0
242,2005,6,14,6,2157,1850,2245.0,1935,AA,1391,N490AA,108.0,105,87.0,190.0,187,DFW,ABQ,569,6.0,15,0,N,0,1.0,0.0,3.0,0.0,186.0
243,2005,6,15,7,1903,1850,1957.0,1935,AA,1391,N447AA,114.0,105,89.0,22.0,13,DFW,ABQ,569,7.0,18,0,N,0,9.0,0.0,9.0,0.0,4.0
244,2005,6,16,1,1935,1850,2018.0,1935,AA,1391,N468AA,103.0,105,80.0,43.0,45,DFW,ABQ,569,4.0,19,0,N,0,9.0,0.0,0.0,0.0,34.0
246,2005,6,19,4,2059,1850,2155.0,1935,AA,1391,N495AA,116.0,105,88.0,140.0,129,DFW,ABQ,569,5.0,23,0,N,0,0.0,29.0,11.0,0.0,100.0
247,2005,6,20,5,1909,1850,2007.0,1935,AA,1391,N504AA,118.0,105,90.0,32.0,19,DFW,ABQ,569,4.0,24,0,N,0,2.0,0.0,13.0,0.0,17.0
248,2005,6,21,6,2005,1850,2046.0,1935,AA,1391,N473AA,101.0,105,80.0,71.0,75,DFW,ABQ,569,5.0,16,0,N,0,71.0,0.0,0.0,0.0,0.0
249,2005,6,22,7,1903,1850,1956.0,1935,AA,1391,N459AA,113.0,105,86.0,21.0,13,DFW,ABQ,569,4.0,23,0,N,0,0.0,10.0,8.0,0.0,3.0
250,2005,6,23,1,1906,1850,2002.0,1935,AA,1391,N547AA,116.0,105,88.0,27.0,16,DFW,ABQ,569,10.0,18,0,N,0,16.0,0.0,11.0,0.0,0.0
251,2005,6,24,2,2011,1850,2100.0,1935,AA,1391,N557AA,109.0,105,88.0,85.0,81,DFW,ABQ,569,4.0,17,0,N,0,71.0,0.0,4.0,0.0,10.0
252,2005,6,25,3,1954,1850,2159.0,1935,AA,1391,N583AA,185.0,105,77.0,144.0,64,DFW,ABQ,569,3.0,105,0,N,0,64.0,0.0,80.0,0.0,0.0
254,2005,6,30,1,2133,1850,2212.0,1935,AA,1391,N527AA,99.0,105,78.0,157.0,163,DFW,ABQ,569,4.0,17,0,N,0,154.0,0.0,0.0,0.0,3.0
255,2005,6,4,3,1739,1650,1910.0,1805,AA,1391,N421AA,151.0,135,115.0,65.0,49,IND,DFW,762,20.0,16,0,N,0,0.0,0.0,16.0,0.0,49.0
256,2005,6,7,6,1657,1650,1822.0,1805,AA,1391,N444AA,145.0,135,108.0,17.0,7,IND,DFW,762,20.0,17,0,N,0,0.0,0.0,10.0,0.0,7.0
257,2005,6,8,7,1709,1650,1835.0,1805,AA,1391,N533AA,146.0,135,104.0,30.0,19,IND,DFW,762,22.0,20,0,N,0,0.0,0.0,11.0,0.0,19.0
258,2005,6,9,1,1858,1650,2026.0,1805,AA,1391,N408AA,148.0,135,120.0,141.0,128,IND,DFW,762,9.0,19,0,N,0,0.0,0.0,82.0,0.0,59.0
260,2005,6,16,1,1744,1650,1851.0,1805,AA,1391,N468AA,127.0,135,102.0,46.0,54,IND,DFW,762,17.0,8,0,N,0,0.0,0.0,0.0,0.0,46.0
262,2005,6,19,4,1901,1650,2006.0,1805,AA,1391,N208AA,125.0,135,104.0,121.0,131,IND,DFW,762,6.0,15,0,N,0,0.0,0.0,0.0,0.0,121.0
265,2005,6,23,1,1721,1650,1826.0,1805,AA,1391,N446AA,125.0,135,108.0,21.0,31,IND,DFW,762,4.0,13,0,N,0,0.0,0.0,0.0,0.0,21.0
267,2005,6,26,4,1704,1650,1825.0,1805,AA,1391,N477AA,141.0,135,108.0,20.0,14,IND,DFW,762,5.0,28,0,N,0,0.0,0.0,6.0,0.0,14.0
269,2005,6,20,5,1105,915,1321.0,1145,AA,1393,N509AA,136.0,150,109.0,96.0,110,LGA,ATL,761,6.0,21,0,N,0,96.0,0.0,0.0,0.0,0.0
270,2005,6,25,3,935,915,1204.0,1145,AA,1393,N498AA,149.0,150,103.0,19.0,20,LGA,ATL,761,8.0,38,0,N,0,18.0,0.0,0.0,0.0,1.0
271,2005,6,26,4,1035,915,1302.0,1145,AA,1393,N244AA,147.0,150,110.0,77.0,80,LGA,ATL,761,6.0,31,0,N,0,67.0,0.0,0.0,0.0,10.0
272,2005,6,30,1,949,915,1212.0,1145,AA,1393,N4UBAA,143.0,150,114.0,27.0,34,LGA,ATL,761,5.0,24,0,N,0,0.0,0.0,10.0,0.0,17.0
273,2005,6,9,1,752,715,1134.0,1105,AA,1394,N477AA,162.0,170,147.0,29.0,37,DFW,FLL,1119,5.0,10,0,N,0,29.0,0.0,0.0,0.0,0.0
274,2005,6,19,4,830,715,1236.0,1105,AA,1394,N495AA,186.0,170,142.0,91.0,75,DFW,FLL,1119,6.0,38,0,N,0,0.0,75.0,16.0,0.0,0.0
276,2005,6,1,7,1339,1305,1507.0,1440,AA,1395,N505AA,148.0,155,133.0,27.0,34,TPA,DFW,929,6.0,9,0,N,0,0.0,27.0,0.0,0.0,0.0
277,2005,6,4,3,1404,1305,1538.0,1440,AA,1395,N405AA,154.0,155,134.0,58.0,59,TPA,DFW,929,7.0,13,0,N,0,51.0,0.0,0.0,0.0,7.0
281,2005,6,10,2,1343,1305,1517.0,1440,AA,1395,N441AA,154.0,155,135.0,37.0,38,TPA,DFW,929,9.0,10,0,N,0,10.0,0.0,0.0,0.0,27.0
283,2005,6,14,6,1358,1305,1524.0,1440,AA,1395,N559AA,146.0,155,127.0,44.0,53,TPA,DFW,929,7.0,12,0,N,0,0.0,0.0,0.0,0.0,44.0
284,2005,6,19,4,1419,1305,1554.0,1440,AA,1395,N535AA,155.0,155,135.0,74.0,74,TPA,DFW,929,6.0,14,0,N,0,2.0,0.0,0.0,0.0,72.0
286,2005,6,21,6,1328,1305,1506.0,1440,AA,1395,N557AA,158.0,155,134.0,26.0,23,TPA,DFW,929,12.0,12,0,N,0,0.0,5.0,3.0,0.0,18.0
287,2005,6,22,7,1319,1305,1526.0,1440,AA,1395,N421AA,187.0,155,138.0,46.0,14,TPA,DFW,929,14.0,35,0,N,0,0.0,0.0,32.0,0.0,14.0
291,2005,6,29,7,1337,1305,1513.0,1440,AA,1395,N516AA,156.0,155,133.0,33.0,32,TPA,DFW,929,12.0,11,0,N,0,0.0,0.0,1.0,0.0,32.0
296,2005,6,7,6,1821,1610,2324.0,2145,AA,1396,N593AA,183.0,215,164.0,99.0,131,SFO,DFW,1464,3.0,16,0,N,0,4.0,0.0,0.0,0.0,95.0
298,2005,6,9,1,1728,1610,2240.0,2145,AA,1396,N4XEAA,192.0,215,163.0,55.0,78,SFO,DFW,1464,13.0,16,0,N,0,0.0,0.0,55.0,0.0,0.0
299,2005,6,10,2,1711,1610,2218.0,2145,AA,1396,N4XRAA,187.0,215,162.0,33.0,61,SFO,DFW,1464,6.0,19,0,N,0,14.0,0.0,0.0,0.0,19.0
303,2006,6,15,7,1714,1610,2229.0,2145,AA,1396,N4WWAA,195.0,215,173.0,44.0,64,SFO,DFW,1464,3.0,19,0,N,0,6.0,0.0,0.0,0.0,38.0
304,2006,6,17,2,1758,1610,2312.0,2145,AA,1396,N433AA,194.0,215,171.0,87.0,108,SFO,DFW,1464,10.0,13,0,N,0,5.0,0.0,0.0,0.0,82.0
305,2006,6,19,4,1803,1610,2317.0,2145,AA,1396,N562AA,194.0,215,180.0,92.0,113,SFO,DFW,1464,4.0,10,0,N,0,4.0,0.0,0.0,0.0,88.0
306,2006,6,22,7,1635,1610,2233.0,2145,AA,1396,N597AA,238.0,215,193.0,48.0,25,SFO,DFW,1464,14.0,31,0,N,0,0.0,0.0,24.0,0.0,24.0
307,2006,6,23,1,1616,1610,2210.0,2145,AA,1396,N4YLAA,234.0,215,190.0,25.0,6,SFO,DFW,1464,27.0,17,0,N,0,5.0,0.0,19.0,0.0,1.0
308,2006,6,24,2,1635,1610,2200.0,2145,AA,1396,N410AA,205.0,215,181.0,15.0,25,SFO,DFW,1464,3.0,21,0,N,0,0.0,0.0,0.0,0.0,15.0
309,2006,6,26,4,1650,1610,2213.0,2145,AA,1396,N4WDAA,203.0,215,179.0,28.0,40,SFO,DFW,1464,11.0,13,0,N,0,5.0,0.0,0.0,0.0,23.0
310,2006,6,27,5,1708,1610,2236.0,2145,AA,1396,N4YBAA,208.0,215,188.0,51.0,58,SFO,DFW,1464,7.0,13,0,N,0,8.0,0.0,0.0,0.0,43.0
312,2006,6,4,3,935,850,1106.0,1010,AA,1397,N408AA,151.0,140,109.0,56.0,45,ATL,DFW,732,6.0,36,0,N,0,45.0,0.0,11.0,0.0,0.0
313,2006,6,6,5,939,850,1113.0,1010,AA,1397,N560AA,154.0,140,103.0,63.0,49,ATL,DFW,732,16.0,35,0,N,0,49.0,0.0,14.0,0.0,0.0
314,2006,6,7,6,1118,850,1250.0,1010,AA,1397,N464AA,152.0,140,99.0,160.0,148,ATL,DFW,732,23.0,30,0,N,0,148.0,0.0,12.0,0.0,0.0
315,2006,6,8,7,1101,850,1218.0,1010,AA,1397,N262AA,137.0,140,102.0,128.0,131,ATL,DFW,732,10.0,25,0,N,0,128.0,0.0,0.0,0.0,0.0
316,2006,6,9,1,1159,850,1322.0,1010,AA,1397,N578AA,143.0,140,117.0,192.0,189,ATL,DFW,732,12.0,14,0,N,0,189.0,0.0,3.0,0.0,0.0
317,2006,6,10,2,949,850,1103.0,1010,AA,1397,N442AA,134.0,140,108.0,53.0,59,ATL,DFW,732,7.0,19,0,N,0,53.0,0.0,0.0,0.0,0.0
318,2006,6,16,1,1128,850,1258.0,1010,AA,1397,N496AA,150.0,140,104.0,168.0,158,ATL,DFW,732,13.0,33,0,N,0,158.0,0.0,10.0,0.0,0.0
319,2006,6,19,4,930,850,1147.0,1010,AA,1397,N450AA,197.0,140,118.0,97.0,40,ATL,DFW,732,19.0,60,0,N,0,20.0,0.0,77.0,0.0,0.0
320,2006,6,23,1,937,850,1057.0,1010,AA,1397,N405AA,140.0,140,105.0,47.0,47,ATL,DFW,732,9.0,26,0,N,0,47.0,0.0,0.0,0.0,0.0
323,2006,6,28,6,948,850,1113.0,1010,AA,1397,N419AA,145.0,140,102.0,63.0,58,ATL,DFW,732,14.0,29,0,N,0,58.0,0.0,5.0,0.0,0.0
324,2006,6,29,7,1032,850,1211.0,1010,AA,1397,N427AA,159.0,140,101.0,121.0,102,ATL,DFW,732,32.0,26,0,N,0,102.0,0.0,19.0,0.0,0.0
325,2006,6,30,1,946,850,1102.0,1010,AA,1397,N414AA,136.0,140,110.0,52.0,56,ATL,DFW,732,6.0,20,0,N,0,52.0,0.0,0.0,0.0,0.0
326,2006,6,4,3,1142,1055,1247.0,1200,AA,1397,N408AA,65.0,65,46.0,47.0,47,DFW,SAT,247,4.0,15,0,N,0,1.0,0.0,0.0,0.0,46.0
328,2006,6,6,5,1149,1055,1247.0,1200,AA,1397,N560AA,58.0,65,42.0,47.0,54,DFW,SAT,247,3.0,13,0,N,0,1.0,0.0,0.0,0.0,46.0
329,2006,6,7,6,1318,1055,1420.0,1200,AA,1397,N464AA,62.0,65,41.0,140.0,143,DFW,SAT,247,3.0,18,0,N,0,0.0,0.0,0.0,0.0,140.0
330,2006,6,9,1,1252,1055,1351.0,1200,AA,1397,N425AA,59.0,65,41.0,111.0,117,DFW,SAT,247,5.0,13,0,N,0,9.0,0.0,0.0,0.0,102.0
331,2006,6,10,2,1140,1055,1237.0,1200,AA,1397,N442AA,57.0,65,43.0,37.0,45,DFW,SAT,247,2.0,12,0,N,0,2.0,0.0,0.0,0.0,35.0
335,2006,6,16,1,1407,1055,1505.0,1200,AA,1397,N496AA,58.0,65,41.0,185.0,192,DFW,SAT,247,3.0,14,0,N,0,33.0,0.0,0.0,0.0,152.0
336,2006,6,19,4,1310,1055,1411.0,1200,AA,1397,N207AA,61.0,65,40.0,131.0,135,DFW,SAT,247,4.0,17,0,N,0,0.0,77.0,0.0,0.0,54.0
337,2006,6,23,1,1133,1055,1226.0,1200,AA,1397,N405AA,53.0,65,39.0,26.0,38,DFW,SAT,247,3.0,11,0,N,0,1.0,0.0,0.0,0.0,25.0
339,2006,6,28,6,1157,1055,1256.0,1200,AA,1397,N4XGAA,59.0,65,41.0,56.0,62,DFW,SAT,247,3.0,15,0,N,0,38.0,0.0,0.0,0.0,18.0
340,2006,6,29,7,1256,1055,1409.0,1200,AA,1397,N427AA,73.0,65,43.0,129.0,121,DFW,SAT,247,5.0,25,0,N,0,10.0,0.0,8.0,0.0,111.0
341,2006,6,30,1,1205,1055,1310.0,1200,AA,1397,N516AA,65.0,65,44.0,70.0,70,DFW,SAT,247,4.0,17,0,N,0,10.0,0.0,0.0,0.0,60.0
342,2006,6,8,7,632,615,823.0,755,AA,1399,N450AA,111.0,100,85.0,28.0,17,STL,DFW,551,13.0,13,0,N,0,17.0,0.0,11.0,0.0,0.0
343,2006,6,16,1,716,615,910.0,755,AA,1399,N406AA,114.0,100,92.0,75.0,61,STL,DFW,551,9.0,13,0,N,0,61.0,0.0,14.0,0.0,0.0
347,2006,6,9,1,1745,1715,2006.0,1845,AA,1400,N262AA,141.0,90,101.0,81.0,30,DFW,MEM,432,10.0,30,0,N,0,0.0,11.0,51.0,0.0,19.0
348,2006,6,13,5,1752,1715,1915.0,1845,AA,1400,N477AA,83.0,90,65.0,30.0,37,DFW,MEM,432,6.0,12,0,N,0,30.0,0.0,0.0,0.0,0.0
350,2006,6,17,2,1733,1715,1916.0,1845,AA,1400,N4XUAA,103.0,90,60.0,31.0,18,DFW,MEM,432,10.0,33,0,N,0,0.0,17.0,13.0,0.0,1.0
351,2006,6,19,4,1755,1715,1918.0,1845,AA,1400,N541AA,83.0,90,61.0,33.0,40,DFW,MEM,432,4.0,18,0,N,0,0.0,21.0,0.0,0.0,12.0
352,2006,6,25,3,1827,1715,1949.0,1845,AA,1400,N521AA,82.0,90,64.0,64.0,72,DFW,MEM,432,4.0,14,0,N,0,0.0,0.0,0.0,0.0,64.0
353,2006,6,26,4,1748,1715,1910.0,1845,AA,1400,N4XEAA,82.0,90,63.0,25.0,33,DFW,MEM,432,5.0,14,0,N,0,25.0,0.0,0.0,0.0,0.0
354,2006,6,3,2,1033,1005,1333.0,1315,AA,1402,N519AA,120.0,130,102.0,18.0,28,DFW,ATL,732,10.0,8,0,N,0,18.0,0.0,0.0,0.0,0.0
355,2006,6,8,7,1028,1005,1353.0,1315,AA,1402,N431AA,145.0,130,111.0,38.0,23,DFW,ATL,732,16.0,18,0,N,0,23.0,0.0,15.0,0.0,0.0
357,2006,6,10,2,1028,1005,1337.0,1315,AA,1402,N466AA,129.0,130,100.0,22.0,23,DFW,ATL,732,14.0,15,0,N,0,8.0,0.0,0.0,0.0,14.0
360,2006,6,19,4,1216,1005,1547.0,1315,AA,1402,N4YGAA,151.0,130,102.0,152.0,131,DFW,ATL,732,15.0,34,0,N,0,0.0,131.0,21.0,0.0,0.0
361,2006,6,29,7,1224,1005,1552.0,1315,AA,1402,N507AA,148.0,130,107.0,157.0,139,DFW,ATL,732,18.0,23,0,N,0,53.0,0.0,18.0,0.0,86.0
362,2006,6,10,2,812,740,945.0,910,AA,1402,N466AA,93.0,90,69.0,35.0,32,MCI,DFW,460,11.0,13,0,N,0,32.0,0.0,3.0,0.0,0.0
363,2006,6,18,3,803,740,938.0,910,AA,1402,N572AA,95.0,90,72.0,28.0,23,MCI,DFW,460,11.0,12,0,N,0,23.0,0.0,5.0,0.0,0.0
364,2006,6,29,7,808,740,946.0,910,AA,1402,N585AA,98.0,90,74.0,36.0,28,MCI,DFW,460,11.0,13,0,N,0,28.0,0.0,8.0,0.0,0.0
366,2006,6,1,7,1542,1525,1739.0,1715,AA,1403,N4UBAA,117.0,110,89.0,24.0,17,ORD,TUL,585,3.0,25,0,N,0,3.0,0.0,7.0,0.0,14.0
367,2006,6,3,2,1634,1525,1827.0,1715,AA,1403,N241AA,113.0,110,88.0,72.0,69,ORD,TUL,585,6.0,19,0,N,0,0.0,0.0,14.0,0.0,58.0
368,2006,6,4,3,1537,1525,1744.0,1715,AA,1403,N477AA,127.0,110,89.0,29.0,12,ORD,TUL,585,3.0,35,0,N,0,0.0,0.0,21.0,0.0,8.0
369,2006,6,5,4,1658,1525,1848.0,1715,AA,1403,N207AA,110.0,110,90.0,93.0,93,ORD,TUL,585,4.0,16,0,N,0,0.0,0.0,7.0,0.0,86.0
370,2006,6,6,5,1658,1525,1858.0,1715,AA,1403,N580AA,120.0,110,90.0,103.0,93,ORD,TUL,585,3.0,27,0,N,0,0.0,0.0,14.0,0.0,89.0
371,2006,6,7,6,1550,1525,1806.0,1715,AA,1403,N428AA,136.0,110,85.0,51.0,25,ORD,TUL,585,2.0,49,0,N,0,0.0,0.0,35.0,0.0,16.0
372,2006,6,9,1,1624,1525,1815.0,1715,AA,1403,N527AA,111.0,110,93.0,60.0,59,ORD,TUL,585,4.0,14,0,N,0,0.0,0.0,14.0,0.0,46.0
376,2006,6,15,7,1638,1525,1820.0,1715,AA,1403,N533AA,102.0,110,85.0,65.0,73,ORD,TUL,585,2.0,15,0,N,0,12.0,0.0,0.0,0.0,53.0
377,2006,6,16,1,1602,1525,1751.0,1715,AA,1403,N573AA,109.0,110,87.0,36.0,37,ORD,TUL,585,3.0,19,0,N,0,0.0,0.0,10.0,0.0,26.0
379,2006,6,20,5,1550,1525,1737.0,1715,AA,1403,N4WKAA,107.0,110,84.0,22.0,25,ORD,TUL,585,4.0,19,0,N,0,20.0,0.0,0.0,0.0,2.0
381,2006,6,25,3,1613,1525,1752.0,1715,AA,1403,N549AA,99.0,110,82.0,37.0,48,ORD,TUL,585,3.0,14,0,N,0,0.0,0.0,1.0,0.0,36.0
382,2006,6,27,5,1626,1525,1817.0,1715,AA,1403,N237AA,111.0,110,88.0,62.0,61,ORD,TUL,585,4.0,19,0,N,0,0.0,0.0,7.0,0.0,55.0
384,2006,6,3,2,1652,1535,2250.0,2105,AA,1406,N4XTAA,238.0,210,189.0,105.0,77,PHX,ORD,1440,9.0,40,0,N,0,0.0,0.0,31.0,0.0,74.0
385,2006,6,4,3,1656,1535,2221.0,2105,AA,1406,N4WSAA,205.0,210,165.0,76.0,81,PHX,ORD,1440,26.0,14,0,N,0,0.0,0.0,59.0,0.0,17.0
386,2006,6,5,4,1622,1535,2229.0,2105,AA,1406,N435AA,247.0,210,183.0,84.0,47,PHX,ORD,1440,26.0,38,0,N,0,0.0,0.0,39.0,0.0,45.0
387,2006,6,6,5,1842,1535,14.0,2105,AA,1406,N4XVAA,212.0,210,170.0,189.0,187,PHX,ORD,1440,27.0,15,0,N,0,0.0,0.0,136.0,0.0,53.0
388,2006,6,7,6,1600,1535,2200.0,2105,AA,1406,N4WXAA,240.0,210,187.0,55.0,25,PHX,ORD,1440,6.0,47,0,N,0,0.0,0.0,30.0,0.0,25.0
390,2006,6,9,1,1558,1535,2137.0,2105,AA,1406,N4XTAA,219.0,210,197.0,32.0,23,PHX,ORD,1440,7.0,15,0,N,0,0.0,0.0,20.0,0.0,12.0
392,2006,6,11,3,1601,1535,2149.0,2105,AA,1406,N4YSAA,228.0,210,163.0,44.0,26,PHX,ORD,1440,47.0,18,0,N,0,0.0,0.0,18.0,0.0,26.0
393,2006,6,12,4,1602,1535,2206.0,2105,AA,1406,N4WPAA,244.0,210,179.0,61.0,27,PHX,ORD,1440,6.0,59,0,N,0,0.0,0.0,34.0,0.0,27.0
394,2006,6,13,5,1623,1535,2138.0,2105,AA,1406,N4XNAA,195.0,210,179.0,33.0,48,PHX,ORD,1440,6.0,10,0,N,0,0.0,0.0,0.0,0.0,33.0
395,2006,6,15,7,1644,1535,2159.0,2105,AA,1406,N4XFAA,195.0,210,174.0,54.0,69,PHX,ORD,1440,9.0,12,0,N,0,0.0,0.0,0.0,0.0,54.0
397,2006,6,19,4,1607,1535,2124.0,2105,AA,1406,N4YCAA,197.0,210,177.0,19.0,32,PHX,ORD,1440,5.0,15,0,N,0,0.0,0.0,0.0,0.0,19.0
398,2006,6,20,5,1559,1535,2127.0,2105,AA,1406,N4WJAA,208.0,210,180.0,22.0,24,PHX,ORD,1440,11.0,17,0,N,0,0.0,0.0,4.0,0.0,18.0
400,2007,6,25,3,1613,1535,2134.0,2105,AA,1406,N4XYAA,201.0,210,180.0,29.0,38,PHX,ORD,1440,12.0,9,0,N,0,0.0,0.0,0.0,0.0,29.0
401,2007,6,26,4,1623,1535,2210.0,2105,AA,1406,N200AA,227.0,210,195.0,65.0,48,PHX,ORD,1440,10.0,22,0,N,0,0.0,0.0,17.0,0.0,48.0
402,2007,6,27,5,1652,1535,2200.0,2105,AA,1406,N4XHAA,188.0,210,172.0,55.0,77,PHX,ORD,1440,4.0,12,0,N,0,0.0,0.0,31.0,0.0,24.0
403,2007,6,28,6,1643,1535,2205.0,2105,AA,1406,N556AA,202.0,210,177.0,60.0,68,PHX,ORD,1440,14.0,11,0,N,0,14.0,0.0,0.0,0.0,46.0
404,2007,6,29,7,1552,1535,2120.0,2105,AA,1406,N201AA,208.0,210,183.0,15.0,17,PHX,ORD,1440,13.0,12,0,N,0,0.0,0.0,6.0,0.0,9.0
405,2007,6,30,1,1557,1535,2121.0,2105,AA,1406,N4YMAA,204.0,210,184.0,16.0,22,PHX,ORD,1440,7.0,13,0,N,0,16.0,0.0,0.0,0.0,0.0
406,2007,6,3,2,1305,1220,1617.0,1435,AA,1407,N4WBAA,312.0,255,234.0,102.0,45,ORD,LAX,1745,9.0,69,0,N,0,0.0,45.0,57.0,0.0,0.0
407,2007,6,9,1,1228,1220,1501.0,1435,AA,1407,N4XMAA,273.0,255,240.0,26.0,8,ORD,LAX,1745,15.0,18,0,N,0,6.0,0.0,18.0,0.0,2.0
408,2007,6,10,2,1419,1220,1658.0,1435,AA,1407,N4XWAA,279.0,255,249.0,143.0,119,ORD,LAX,1745,11.0,19,0,N,0,9.0,0.0,24.0,0.0,110.0
409,2007,6,13,5,1247,1220,1515.0,1435,AA,1407,N433AA,268.0,255,247.0,40.0,27,ORD,LAX,1745,4.0,17,0,N,0,0.0,0.0,20.0,0.0,20.0
410,2007,6,15,7,1246,1220,1505.0,1435,AA,1407,N438AA,259.0,255,238.0,30.0,26,ORD,LAX,1745,4.0,17,0,N,0,0.0,0.0,18.0,0.0,12.0
411,2007,6,22,7,1238,1220,1451.0,1435,AA,1407,N434AA,253.0,255,230.0,16.0,18,ORD,LAX,1745,8.0,15,0,N,0,16.0,0.0,0.0,0.0,0.0
413,2007,6,25,3,1236,1220,1518.0,1435,AA,1407,N599AA,282.0,255,229.0,43.0,16,ORD,LAX,1745,6.0,47,0,N,0,0.0,0.0,31.0,0.0,12.0
414,2007,6,29,7,1250,1220,1503.0,1435,AA,1407,N572AA,253.0,255,221.0,28.0,30,ORD,LAX,1745,19.0,13,0,N,0,28.0,0.0,0.0,0.0,0.0
415,2007,6,1,7,947,925,1323.0,1305,AA,1408,N582AA,156.0,160,139.0,18.0,22,DFW,RDU,1062,3.0,14,0,N,0,12.0,0.0,0.0,0.0,6.0
416,2007,6,4,3,944,925,1321.0,1305,AA,1408,N474AA,157.0,160,137.0,16.0,19,DFW,RDU,1062,3.0,17,0,N,0,0.0,0.0,0.0,0.0,16.0
418,2007,6,9,1,1055,925,1430.0,1305,AA,1408,N4YUAA,155.0,160,137.0,85.0,90,DFW,RDU,1062,6.0,12,0,N,0,85.0,0.0,0.0,0.0,0.0
421,2007,6,20,5,1000,925,1330.0,1305,AA,1408,N431AA,150.0,160,134.0,25.0,35,DFW,RDU,1062,3.0,13,0,N,0,24.0,0.0,0.0,0.0,1.0
424,2007,6,25,3,1006,925,1337.0,1305,AA,1408,N523AA,151.0,160,139.0,32.0,41,DFW,RDU,1062,2.0,10,0,N,0,15.0,0.0,0.0,0.0,17.0
426,2007,6,30,1,951,925,1325.0,1305,AA,1408,N560AA,154.0,160,131.0,20.0,26,DFW,RDU,1062,3.0,20,0,N,0,20.0,0.0,0.0,0.0,0.0
427,2007,6,1,7,3,2305,58.0,5,AA,1410,N574AA,55.0,60,42.0,53.0,58,DFW,TUL,237,3.0,10,0,N,0,0.0,0.0,0.0,0.0,53.0
428,2007,6,3,2,102,2305,158.0,5,AA,1410,N481AA,56.0,60,40.0,113.0,117,DFW,TUL,237,4.0,12,0,N,0,34.0,0.0,0.0,0.0,79.0
429,2007,6,4,3,157,2305,251.0,5,AA,1410,N548AA,54.0,60,39.0,166.0,172,DFW,TUL,237,3.0,12,0,N,0,7.0,0.0,0.0,0.0,159.0
430,2007,6,9,1,23,2305,115.0,5,AA,1410,N241AA,52.0,60,37.0,70.0,78,DFW,TUL,237,4.0,11,0,N,0,54.0,13.0,0.0,0.0,3.0
431,2007,6,10,2,57,2305,155.0,5,AA,1410,N287AA,58.0,60,43.0,110.0,112,DFW,TUL,237,3.0,12,0,N,0,0.0,0.0,0.0,0.0,110.0
432,2007,6,13,5,118,2305,222.0,5,AA,1410,N552AA,64.0,60,48.0,137.0,133,DFW,TUL,237,2.0,14,0,N,0,17.0,0.0,4.0,0.0,116.0
433,2007,6,15,7,6,2305,106.0,5,AA,1410,N292AA,60.0,60,41.0,61.0,61,DFW,TUL,237,6.0,13,0,N,0,7.0,0.0,0.0,0.0,54.0
434,2007,6,16,1,19,2305,115.0,5,AA,1410,N593AA,56.0,60,40.0,70.0,74,DFW,TUL,237,4.0,12,0,N,0,70.0,0.0,0.0,0.0,0.0
435,2007,6,17,2,3,2305,56.0,5,AA,1410,N471AA,53.0,60,36.0,51.0,58,DFW,TUL,237,7.0,10,0,N,0,32.0,0.0,0.0,0.0,19.0
436,2007,6,19,4,11,2305,108.0,5,AA,1410,N570AA,57.0,60,44.0,63.0,66,DFW,TUL,237,3.0,10,0,N,0,0.0,63.0,0.0,0.0,0.0
437,2007,6,20,5,23,2305,113.0,5,AA,1410,N588AA,50.0,60,36.0,68.0,78,DFW,TUL,237,6.0,8,0,N,0,7.0,0.0,0.0,0.0,61.0
438,2007,6,21,6,39,2305,137.0,5,AA,1410,N437AA,58.0,60,35.0,92.0,94,DFW,TUL,237,9.0,14,0,N,0,67.0,0.0,0.0,0.0,25.0
439,2007,6,22,7,19,2305,118.0,5,AA,1410,N248AA,59.0,60,42.0,73.0,74,DFW,TUL,237,3.0,14,0,N,0,3.0,0.0,0.0,0.0,70.0
440,2007,6,23,1,2338,2305,39.0,5,AA,1410,N594AA,61.0,60,39.0,34.0,33,DFW,TUL,237,4.0,18,0,N,0,16.0,0.0,1.0,0.0,17.0
441,2007,6,25,3,119,2305,216.0,5,AA,1410,N525AA,57.0,60,38.0,131.0,134,DFW,TUL,237,3.0,16,0,N,0,0.0,69.0,0.0,0.0,62.0
443,2007,6,27,5,2316,2305,25.0,5,AA,1410,N537AA,69.0,60,41.0,20.0,11,DFW,TUL,237,5.0,23,0,N,0,0.0,0.0,9.0,0.0,11.0
444,2007,6,28,6,2345,2305,43.0,5,AA,1410,N458AA,58.0,60,37.0,38.0,40,DFW,TUL,237,8.0,13,0,N,0,0.0,38.0,0.0,0.0,0.0
445,2007,6,29,7,20,2305,119.0,5,AA,1410,N4WUAA,59.0,60,36.0,74.0,75,DFW,TUL,237,7.0,16,0,N,0,51.0,0.0,0.0,0.0,23.0
447,2007,6,1,7,1944,1900,2114.0,2035,AA,1411,N442AA,150.0,155,109.0,39.0,44,EWR,ORD,719,6.0,35,0,N,0,0.0,0.0,5.0,0.0,34.0
448,2007,6,3,2,2020,1900,2226.0,2035,AA,1411,N424AA,186.0,155,122.0,111.0,80,EWR,ORD,719,14.0,50,0,N,0,0.0,0.0,105.0,0.0,6.0
449,2007,6,4,3,2011,1900,2201.0,2035,AA,1411,N441AA,170.0,155,107.0,86.0,71,EWR,ORD,719,11.0,52,0,N,0,0.0,0.0,22.0,0.0,64.0
450,2007,6,5,4,2115,1900,2305.0,2035,AA,1411,N481AA,170.0,155,105.0,150.0,135,EWR,ORD,719,8.0,57,0,N,0,0.0,0.0,106.0,0.0,44.0
451,2007,6,6,5,2128,1900,2316.0,2035,AA,1411,N520AA,168.0,155,101.0,161.0,148,EWR,ORD,719,5.0,62,0,N,0,0.0,0.0,124.0,0.0,37.0
452,2007,6,7,6,2006,1900,2132.0,2035,AA,1411,N576AA,146.0,155,121.0,57.0,66,EWR,ORD,719,13.0,12,0,N,0,0.0,0.0,43.0,0.0,14.0
453,2007,6,9,1,2112,1900,2248.0,2035,AA,1411,N453AA,156.0,155,113.0,133.0,132,EWR,ORD,719,5.0,38,0,N,0,0.0,0.0,1.0,0.0,132.0
454,2007,6,10,2,2220,1900,2349.0,2035,AA,1411,N599AA,149.0,155,117.0,194.0,200,EWR,ORD,719,9.0,23,0,N,0,0.0,0.0,174.0,0.0,20.0
455,2007,6,11,3,1936,1900,2135.0,2035,AA,1411,N4WLAA,179.0,155,112.0,60.0,36,EWR,ORD,719,23.0,44,0,N,0,0.0,0.0,60.0,0.0,0.0
456,2007,6,12,4,2026,1900,2226.0,2035,AA,1411,N4XSAA,180.0,155,112.0,111.0,86,EWR,ORD,719,12.0,56,0,N,0,0.0,0.0,111.0,0.0,0.0
457,2007,6,13,5,2120,1900,2254.0,2035,AA,1411,N581AA,154.0,155,103.0,139.0,140,EWR,ORD,719,2.0,49,0,N,0,0.0,0.0,8.0,0.0,131.0
458,2007,6,15,7,2020,1900,2203.0,2035,AA,1411,N561AA,163.0,155,119.0,88.0,80,EWR,ORD,719,7.0,37,0,N,0,0.0,0.0,16.0,0.0,72.0
459,2007,6,17,2,1937,1900,2113.0,2035,AA,1411,N507AA,156.0,155,110.0,38.0,37,EWR,ORD,719,24.0,22,0,N,0,0.0,0.0,11.0,0.0,27.0
460,2007,6,19,4,2027,1900,2201.0,2035,AA,1411,N464AA,154.0,155,105.0,86.0,87,EWR,ORD,719,12.0,37,0,N,0,0.0,0.0,13.0,0.0,73.0
461,2007,6,21,6,1923,1900,2054.0,2035,AA,1411,N450AA,151.0,155,110.0,19.0,23,EWR,ORD,719,6.0,35,0,N,0,2.0,0.0,0.0,0.0,17.0
462,2007,6,23,1,2002,1900,2109.0,2035,AA,1411,N293AA,127.0,155,105.0,34.0,62,EWR,ORD,719,7.0,15,0,N,0,0.0,0.0,2.0,0.0,32.0
463,2007,6,24,2,2029,1900,2215.0,2035,AA,1411,N507AA,166.0,155,111.0,100.0,89,EWR,ORD,719,13.0,42,0,N,0,0.0,0.0,33.0,0.0,67.0
464,2007,6,26,4,2044,1900,2218.0,2035,AA,1411,N429AA,154.0,155,110.0,103.0,104,EWR,ORD,719,9.0,35,0,N,0,0.0,0.0,2.0,0.0,101.0
465,2007,6,27,5,1919,1900,2103.0,2035,AA,1411,N402AA,164.0,155,112.0,28.0,19,EWR,ORD,719,15.0,37,0,N,0,0.0,0.0,28.0,0.0,0.0
466,2007,6,28,6,2024,1900,2150.0,2035,AA,1411,N406AA,146.0,155,114.0,75.0,84,EWR,ORD,719,11.0,21,0,N,0,2.0,0.0,0.0,0.0,73.0
468,2007,6,3,2,2355,2150,126.0,2310,AA,1411,N424AA,91.0,80,58.0,136.0,125,ORD,MSP,334,13.0,20,0,N,0,54.0,0.0,11.0,0.0,71.0
469,2007,6,4,3,2302,2150,11.0,2310,AA,1411,N441AA,69.0,80,52.0,61.0,72,ORD,MSP,334,6.0,11,0,N,0,14.0,0.0,8.0,0.0,39.0
470,2007,6,5,4,2348,2150,102.0,2310,AA,1411,N481AA,74.0,80,57.0,112.0,118,ORD,MSP,334,5.0,12,0,N,0,0.0,0.0,8.0,0.0,104.0
471,2007,6,6,5,102,2150,229.0,2310,AA,1411,N520AA,87.0,80,59.0,199.0,192,ORD,MSP,334,5.0,23,0,N,0,56.0,0.0,22.0,0.0,121.0
472,2007,6,7,6,2205,2150,2357.0,2310,AA,1411,N576AA,112.0,80,87.0,47.0,15,ORD,MSP,334,5.0,20,0,N,0,0.0,0.0,32.0,0.0,15.0
473,2007,6,9,1,2326,2150,29.0,2310,AA,1411,N453AA,63.0,80,49.0,79.0,96,ORD,MSP,334,6.0,8,0,N,0,0.0,0.0,2.0,0.0,77.0
474,2007,6,10,2,2347,2150,113.0,2310,AA,1411,N566AA,86.0,80,57.0,123.0,117,ORD,MSP,334,11.0,18,0,N,0,0.0,0.0,104.0,0.0,19.0
475,2007,6,11,3,2216,2150,2349.0,2310,AA,1411,N4WLAA,93.0,80,58.0,39.0,26,ORD,MSP,334,6.0,29,0,N,0,0.0,0.0,19.0,0.0,20.0
476,2007,6,12,4,2339,2150,108.0,2310,AA,1411,N4XSAA,89.0,80,62.0,118.0,109,ORD,MSP,334,7.0,20,0,N,0,38.0,0.0,9.0,0.0,71.0
477,2007,6,13,5,2334,2150,43.0,2310,AA,1411,N581AA,69.0,80,52.0,93.0,104,ORD,MSP,334,6.0,11,0,N,0,0.0,4.0,0.0,0.0,89.0
478,2007,6,15,7,2246,2150,21.0,2310,AA,1411,N561AA,95.0,80,55.0,71.0,56,ORD,MSP,334,3.0,37,0,N,0,0.0,0.0,23.0,0.0,48.0
479,2007,6,16,1,2212,2150,2342.0,2310,AA,1411,N578AA,90.0,80,55.0,32.0,22,ORD,MSP,334,5.0,30,0,N,0,0.0,22.0,10.0,0.0,0.0
480,2007,6,19,4,2241,2150,2356.0,2310,AA,1411,N464AA,75.0,80,55.0,46.0,51,ORD,MSP,334,4.0,16,0,N,0,5.0,0.0,0.0,0.0,41.0
482,2007,6,22,7,2251,2150,13.0,2310,AA,1411,N223AA,82.0,80,53.0,63.0,61,ORD,MSP,334,7.0,22,0,N,0,0.0,0.0,25.0,0.0,38.0
483,2007,6,24,2,2258,2150,15.0,2310,AA,1411,N507AA,77.0,80,56.0,65.0,68,ORD,MSP,334,5.0,16,0,N,0,8.0,0.0,0.0,0.0,57.0
484,2007,6,26,4,2251,2150,16.0,2310,AA,1411,N429AA,85.0,80,51.0,66.0,61,ORD,MSP,334,6.0,28,0,N,0,0.0,0.0,5.0,0.0,61.0
485,2007,6,27,5,2251,2150,4.0,2310,AA,1411,N402AA,73.0,80,55.0,54.0,61,ORD,MSP,334,5.0,13,0,N,0,54.0,0.0,0.0,0.0,0.0
486,2007,6,28,6,2224,2150,2347.0,2310,AA,1411,N406AA,83.0,80,52.0,37.0,34,ORD,MSP,334,9.0,22,0,N,0,0.0,0.0,3.0,0.0,34.0
487,2007,6,29,7,2331,2150,38.0,2310,AA,1411,N451AA,67.0,80,50.0,88.0,101,ORD,MSP,334,6.0,11,0,N,0,57.0,0.0,0.0,0.0,31.0
488,2007,6,3,2,1929,1745,2100.0,1915,AA,1412,N4XXAA,91.0,90,65.0,105.0,104,MCI,ORD,403,13.0,13,0,N,0,0.0,0.0,88.0,0.0,17.0
489,2007,6,4,3,1915,1745,2049.0,1915,AA,1412,N565AA,94.0,90,61.0,94.0,90,MCI,ORD,403,8.0,25,0,N,0,0.0,0.0,91.0,0.0,3.0
490,2007,6,5,4,1846,1745,2023.0,1915,AA,1412,N4XXAA,97.0,90,55.0,68.0,61,MCI,ORD,403,4.0,38,0,N,0,0.0,0.0,49.0,0.0,19.0
491,2007,6,6,5,2019,1745,2139.0,1915,AA,1412,N565AA,80.0,90,60.0,144.0,154,MCI,ORD,403,9.0,11,0,N,0,0.0,0.0,133.0,0.0,11.0
492,2007,6,7,6,1822,1745,1946.0,1915,AA,1412,N417AA,84.0,90,64.0,31.0,37,MCI,ORD,403,5.0,15,0,N,0,0.0,0.0,0.0,0.0,31.0
494,2007,6,9,1,1926,1745,2116.0,1915,AA,1412,N563AA,110.0,90,63.0,121.0,101,MCI,ORD,403,4.0,43,0,N,0,0.0,0.0,111.0,0.0,10.0
496,2007,6,12,4,1830,1745,2025.0,1915,AA,1412,N583AA,115.0,90,76.0,70.0,45,MCI,ORD,403,10.0,29,0,N,0,0.0,0.0,41.0,0.0,29.0
497,2007,6,13,5,1836,1745,1951.0,1915,AA,1412,N564AA,75.0,90,57.0,36.0,51,MCI,ORD,403,6.0,12,0,N,0,0.0,0.0,11.0,0.0,25.0
498,2007,6,15,7,1909,1745,2033.0,1915,AA,1412,N573AA,84.0,90,63.0,78.0,84,MCI,ORD,403,10.0,11,0,N,0,0.0,0.0,0.0,0.0,78.0
499,2007,6,16,1,1812,1745,1951.0,1915,AA,1412,N4XEAA,99.0,90,68.0,36.0,27,MCI,ORD,403,7.0,24,0,N,0,0.0,0.0,36.0,0.0,0.0
500,2007,6,19,4,1801,1745,1939.0,1915,AA,1412,N437AA,98.0,90,77.0,24.0,16,MCI,ORD,403,7.0,14,0,N,0,0.0,10.0,8.0,0.0,6.0
501,2007,6,20,5,1842,1745,2024.0,1915,AA,1412,N568AA,102.0,90,67.0,69.0,57,MCI,ORD,403,9.0,26,0,N,0,0.0,0.0,44.0,0.0,25.0
502,2007,6,22,7,1756,1745,2053.0,1915,AA,1412,N4YUAA,177.0,90,76.0,98.0,11,MCI,ORD,403,31.0,70,0,N,0,0.0,0.0,98.0,0.0,0.0
504,2007,6,27,5,1754,1745,2018.0,1915,AA,1412,N542AA,144.0,90,59.0,63.0,9,MCI,ORD,403,53.0,32,0,N,0,0.0,0.0,54.0,0.0,9.0
505,2007,6,28,6,1838,1745,2012.0,1915,AA,1412,N4WXAA,94.0,90,54.0,57.0,53,MCI,ORD,403,9.0,31,0,N,0,0.0,0.0,12.0,0.0,45.0
506,2007,6,29,7,1844,1745,2012.0,1915,AA,1412,N475AA,88.0,90,57.0,57.0,59,MCI,ORD,403,6.0,25,0,N,0,0.0,0.0,57.0,0.0,0.0
507,2007,6,6,5,737,710,832.0,750,AA,1413,N477AA,175.0,160,151.0,42.0,27,DFW,LAS,1055,9.0,15,0,N,0,27.0,0.0,15.0,0.0,0.0
509,2007,6,9,1,717,710,806.0,750,AA,1413,N544AA,169.0,160,151.0,16.0,7,DFW,LAS,1055,7.0,11,0,N,0,7.0,0.0,9.0,0.0,0.0
511,2007,6,19,4,833,710,922.0,750,AA,1413,N279AA,169.0,160,149.0,92.0,83,DFW,LAS,1055,5.0,15,0,N,0,0.0,83.0,9.0,0.0,0.0
514,2007,6,4,3,1202,1155,1746.0,1730,AA,1414,N5BVAA,224.0,215,201.0,16.0,7,SEA,STL,1710,4.0,19,0,N,0,0.0,0.0,9.0,0.0,7.0
516,2007,6,9,1,1212,1155,1753.0,1730,AA,1414,N5FHAA,221.0,215,191.0,23.0,17,SEA,STL,1710,7.0,23,0,N,0,9.0,0.0,6.0,0.0,8.0
517,2007,6,10,2,1207,1155,1746.0,1730,AA,1414,N5FFAA,219.0,215,198.0,16.0,12,SEA,STL,1710,4.0,17,0,N,0,2.0,0.0,4.0,0.0,10.0
518,2007,6,11,3,1231,1155,1814.0,1730,AA,1414,N5BWAA,223.0,215,195.0,44.0,36,SEA,STL,1710,6.0,22,0,N,0,16.0,0.0,8.0,0.0,20.0
522,2007,6,15,7,1227,1155,1753.0,1730,AA,1414,N5DNAA,206.0,215,188.0,23.0,32,SEA,STL,1710,5.0,13,0,N,0,9.0,0.0,0.0,0.0,14.0
524,2007,6,17,2,1207,1155,1749.0,1730,AA,1414,N639AA,222.0,215,192.0,19.0,12,SEA,STL,1710,8.0,22,0,N,0,1.0,0.0,7.0,0.0,11.0
526,2007,6,19,4,1213,1155,1802.0,1730,AA,1414,N5CKAA,229.0,215,197.0,32.0,18,SEA,STL,1710,4.0,28,0,N,0,13.0,0.0,14.0,0.0,5.0
528,2007,6,22,7,1230,1155,1804.0,1730,AA,1414,N5CVAA,214.0,215,194.0,34.0,35,SEA,STL,1710,3.0,17,0,N,0,15.0,0.0,0.0,0.0,19.0
529,2007,6,26,4,1216,1155,1748.0,1730,AA,1414,N5FJAA,212.0,215,194.0,18.0,21,SEA,STL,1710,3.0,15,0,N,0,15.0,0.0,0.0,0.0,3.0
531,2007,6,30,1,1202,1155,1746.0,1730,AA,1414,N5EGAA,224.0,215,200.0,16.0,7,SEA,STL,1710,3.0,21,0,N,0,7.0,0.0,9.0,0.0,0.0
532,2007,6,1,7,1924,1915,2110.0,2050,AA,1415,N4YRAA,226.0,215,209.0,20.0,9,DFW,SFO,1464,4.0,13,0,N,0,9.0,0.0,11.0,0.0,0.0
533,2007,6,3,2,2055,1915,2320.0,2050,AA,1415,N597AA,265.0,215,212.0,150.0,100,DFW,SFO,1464,6.0,47,0,N,0,0.0,0.0,62.0,0.0,88.0
534,2007,6,5,4,2019,1915,2242.0,2050,AA,1415,N4WJAA,263.0,215,243.0,112.0,64,DFW,SFO,1464,6.0,14,0,N,0,63.0,0.0,48.0,0.0,1.0
535,2007,6,6,5,2033,1915,2213.0,2050,AA,1415,N4YUAA,220.0,215,197.0,83.0,78,DFW,SFO,1464,11.0,12,0,N,0,46.0,0.0,5.0,0.0,32.0
536,2007,6,9,1,2052,1915,2227.0,2050,AA,1415,N4WAAA,215.0,215,202.0,97.0,97,DFW,SFO,1464,3.0,10,0,N,0,0.0,23.0,0.0,0.0,74.0
537,2007,6,12,4,1923,1915,2108.0,2050,AA,1415,N593AA,225.0,215,204.0,18.0,8,DFW,SFO,1464,4.0,17,0,N,0,8.0,0.0,10.0,0.0,0.0
538,2007,6,13,5,2118,1915,2258.0,2050,AA,1415,N4WAAA,220.0,215,203.0,128.0,123,DFW,SFO,1464,4.0,13,0,N,0,12.0,0.0,5.0,0.0,111.0
540,2007,6,15,7,1943,1915,2122.0,2050,AA,1415,N4YGAA,219.0,215,195.0,32.0,28,DFW,SFO,1464,3.0,21,0,N,0,28.0,0.0,4.0,0.0,0.0
541,2007,6,16,1,2052,1915,2237.0,2050,AA,1415,N544AA,225.0,215,207.0,107.0,97,DFW,SFO,1464,3.0,15,0,N,0,3.0,0.0,10.0,0.0,94.0
542,2007,6,17,2,1931,1915,2122.0,2050,AA,1415,N476AA,231.0,215,205.0,32.0,16,DFW,SFO,1464,8.0,18,0,N,0,0.0,13.0,16.0,0.0,3.0
543,2007,6,18,3,1937,1915,2122.0,2050,AA,1415,N572AA,225.0,215,205.0,32.0,22,DFW,SFO,1464,4.0,16,0,N,0,0.0,0.0,10.0,0.0,22.0
544,2007,6,19,4,2104,1915,2245.0,2050,AA,1415,N4WJAA,221.0,215,206.0,115.0,109,DFW,SFO,1464,3.0,12,0,N,0,0.0,56.0,6.0,0.0,53.0
546,2007,6,23,1,2026,1915,2211.0,2050,AA,1415,N4WJAA,225.0,215,193.0,81.0,71,DFW,SFO,1464,3.0,29,0,N,0,0.0,0.0,48.0,0.0,33.0
549,2007,6,26,4,2026,1915,2210.0,2050,AA,1415,N4YCAA,224.0,215,198.0,80.0,71,DFW,SFO,1464,3.0,23,0,N,0,0.0,0.0,80.0,0.0,0.0
550,2007,6,30,1,1950,1915,2125.0,2050,AA,1415,N4XGAA,215.0,215,195.0,35.0,35,DFW,SFO,1464,4.0,16,0,N,0,11.0,0.0,0.0,0.0,24.0
551,2007,6,3,2,1710,1545,2003.0,1815,AA,1415,N597AA,233.0,210,182.0,108.0,85,PHL,DFW,1302,6.0,45,0,N,0,0.0,0.0,28.0,0.0,80.0
552,2007,6,4,3,1551,1545,1832.0,1815,AA,1415,N4XJAA,221.0,210,186.0,17.0,6,PHL,DFW,1302,12.0,23,0,N,0,6.0,0.0,11.0,0.0,0.0
553,2007,6,5,4,1619,1545,1836.0,1815,AA,1415,N4WJAA,197.0,210,173.0,21.0,34,PHL,DFW,1302,10.0,14,0,N,0,0.0,0.0,3.0,0.0,18.0
554,2007,6,6,5,1607,1545,1907.0,1815,AA,1415,N4YUAA,240.0,210,177.0,52.0,22,PHL,DFW,1302,37.0,26,0,N,0,12.0,0.0,30.0,0.0,10.0
556,2007,6,9,1,1632,1545,1949.0,1815,AA,1415,N4WAAA,257.0,210,214.0,94.0,47,PHL,DFW,1302,6.0,37,0,N,0,0.0,0.0,48.0,0.0,46.0
557,2007,6,10,2,1555,1545,1831.0,1815,AA,1415,N496AA,216.0,210,182.0,16.0,10,PHL,DFW,1302,12.0,22,0,N,0,0.0,0.0,7.0,0.0,9.0
558,2007,6,12,4,1558,1545,1830.0,1815,AA,1415,N593AA,212.0,210,166.0,15.0,13,PHL,DFW,1302,23.0,23,0,N,0,13.0,0.0,2.0,0.0,0.0
559,2007,6,13,5,1742,1545,2026.0,1815,AA,1415,N4WAAA,224.0,210,174.0,131.0,117,PHL,DFW,1302,11.0,39,0,N,0,18.0,0.0,14.0,0.0,99.0
560,2007,6,14,6,1606,1545,1838.0,1815,AA,1415,N4XJAA,212.0,210,174.0,23.0,21,PHL,DFW,1302,7.0,31,0,N,0,0.0,4.0,2.0,0.0,17.0
561,2007,6,16,1,1636,1545,2009.0,1815,AA,1415,N544AA,273.0,210,181.0,114.0,51,PHL,DFW,1302,13.0,79,0,N,0,0.0,0.0,73.0,0.0,41.0
562,2007,6,19,4,1702,1545,1928.0,1815,AA,1415,N4WJAA,206.0,210,174.0,73.0,77,PHL,DFW,1302,12.0,20,0,N,0,0.0,9.0,0.0,0.0,64.0
563,2007,6,23,1,1614,1545,1908.0,1815,AA,1415,N4WJAA,234.0,210,176.0,53.0,29,PHL,DFW,1302,7.0,51,0,N,0,0.0,0.0,27.0,0.0,26.0
564,2007,6,24,2,1600,1545,1835.0,1815,AA,1415,N4YFAA,215.0,210,170.0,20.0,15,PHL,DFW,1302,24.0,21,0,N,0,0.0,0.0,19.0,0.0,1.0
566,2007,6,30,1,1625,1545,1859.0,1815,AA,1415,N4XGAA,214.0,210,171.0,44.0,40,PHL,DFW,1302,5.0,38,0,N,0,18.0,0.0,4.0,0.0,22.0
568,2007,6,5,4,1608,1340,1946.0,1735,AA,1416,N060AA,218.0,235,196.0,131.0,148,SJU,JFK,1597,12.0,10,0,N,0,107.0,0.0,0.0,0.0,24.0
569,2007,6,6,5,1428,1340,1802.0,1735,AA,1416,N051AA,214.0,235,195.0,27.0,48,SJU,JFK,1597,9.0,10,0,N,0,25.0,0.0,0.0,0.0,2.0
570,2007,6,7,6,1603,1340,2008.0,1735,AA,1416,N065AA,245.0,235,206.0,153.0,143,SJU,JFK,1597,26.0,13,0,N,0,0.0,0.0,10.0,0.0,143.0
574,2007,6,16,1,1406,1340,1804.0,1735,AA,1416,N063AA,238.0,235,202.0,29.0,26,SJU,JFK,1597,15.0,21,0,N,0,1.0,0.0,3.0,0.0,25.0
575,2007,6,17,2,1518,1340,1921.0,1735,AA,1416,N056AA,243.0,235,215.0,106.0,98,SJU,JFK,1597,12.0,16,0,N,0,98.0,0.0,8.0,0.0,0.0
576,2007,6,20,5,1426,1340,1806.0,1735,AA,1416,N077AA,220.0,235,197.0,31.0,46,SJU,JFK,1597,10.0,13,0,N,0,10.0,0.0,0.0,0.0,21.0
578,2007,6,22,7,1441,1340,1834.0,1735,AA,1416,N073AA,233.0,235,204.0,59.0,61,SJU,JFK,1597,15.0,14,0,N,0,45.0,0.0,0.0,0.0,14.0
579,2007,6,25,3,1448,1340,1920.0,1735,AA,1416,N063AA,272.0,235,217.0,105.0,68,SJU,JFK,1597,17.0,38,0,N,0,68.0,0.0,37.0,0.0,0.0
580,2007,6,26,4,1403,1340,1903.0,1735,AA,1416,N052AA,300.0,235,222.0,88.0,23,SJU,JFK,1597,23.0,55,0,N,0,23.0,0.0,65.0,0.0,0.0
581,2007,6,27,5,1516,1340,1853.0,1735,AA,1416,N056AA,217.0,235,197.0,78.0,96,SJU,JFK,1597,8.0,12,0,N,0,2.0,0.0,0.0,0.0,76.0
582,2007,6,28,6,1357,1340,1757.0,1735,AA,1416,N071AA,240.0,235,211.0,22.0,17,SJU,JFK,1597,17.0,12,0,N,0,1.0,0.0,5.0,0.0,16.0
583,2007,6,29,7,1532,1340,1949.0,1735,AA,1416,N050AA,257.0,235,218.0,134.0,112,SJU,JFK,1597,21.0,18,0,N,0,42.0,0.0,22.0,0.0,70.0
584,2007,6,30,1,1402,1340,1807.0,1735,AA,1416,N051AA,245.0,235,206.0,32.0,22,SJU,JFK,1597,27.0,12,0,N,0,0.0,0.0,10.0,12.0,10.0
585,2007,6,3,2,1517,1445,1745.0,1630,AA,1417,N569AA,268.0,225,220.0,75.0,32,ORD,LAS,1515,10.0,38,0,N,0,0.0,0.0,43.0,0.0,32.0
586,2007,6,5,4,1503,1445,1702.0,1630,AA,1417,N4XHAA,239.0,225,217.0,32.0,18,ORD,LAS,1515,11.0,11,0,N,0,0.0,0.0,14.0,0.0,18.0
587,2007,6,6,5,1528,1445,1815.0,1630,AA,1417,N4XHAA,287.0,225,219.0,105.0,43,ORD,LAS,1515,20.0,48,0,N,0,0.0,0.0,65.0,0.0,40.0
588,2007,6,7,6,1517,1445,1727.0,1630,AA,1417,N596AA,250.0,225,221.0,57.0,32,ORD,LAS,1515,8.0,21,0,N,0,0.0,0.0,35.0,0.0,22.0
589,2007,6,9,1,1540,1445,1752.0,1630,AA,1417,N570AA,252.0,225,215.0,82.0,55,ORD,LAS,1515,13.0,24,0,N,0,0.0,0.0,34.0,0.0,48.0
590,2007,6,13,5,1534,1445,1743.0,1630,AA,1417,N436AA,249.0,225,214.0,73.0,49,ORD,LAS,1515,8.0,27,0,N,0,0.0,0.0,26.0,0.0,47.0
591,2007,6,15,7,1609,1445,1803.0,1630,AA,1417,N4WKAA,234.0,225,209.0,93.0,84,ORD,LAS,1515,7.0,18,0,N,0,0.0,0.0,9.0,0.0,84.0
592,2007,6,19,4,1513,1445,1746.0,1630,AA,1417,N4YAAA,273.0,225,219.0,76.0,28,ORD,LAS,1515,29.0,25,0,N,0,28.0,0.0,48.0,0.0,0.0
593,2007,6,21,6,1459,1445,1655.0,1630,AA,1417,N4YKAA,236.0,225,202.0,25.0,14,ORD,LAS,1515,8.0,26,0,N,0,7.0,0.0,11.0,0.0,7.0
594,2007,6,26,4,1605,1445,1821.0,1630,AA,1417,N460AA,256.0,225,225.0,111.0,80,ORD,LAS,1515,9.0,22,0,N,0,80.0,0.0,31.0,0.0,0.0
595,2007,6,27,5,1535,1445,1727.0,1630,AA,1417,N597AA,232.0,225,194.0,57.0,50,ORD,LAS,1515,12.0,26,0,N,0,0.0,0.0,57.0,0.0,0.0
596,2007,6,28,6,1514,1445,1735.0,1630,AA,1417,N591AA,261.0,225,224.0,65.0,29,ORD,LAS,1515,6.0,31,0,N,0,24.0,0.0,36.0,0.0,5.0
597,2007,6,1,7,1339,1305,1750.0,1725,AA,1418,N493AA,131.0,140,106.0,25.0,34,TUS,DFW,813,14.0,11,0,N,0,0.0,0.0,0.0,0.0,25.0
602,2008,6,8,7,1330,1305,1753.0,1725,AA,1418,N556AA,143.0,140,106.0,28.0,25,TUS,DFW,813,8.0,29,0,N,0,0.0,0.0,3.0,0.0,25.0
603,2008,6,9,1,1517,1305,2024.0,1725,AA,1418,N432AA,187.0,140,114.0,179.0,132,TUS,DFW,813,14.0,59,0,N,0,0.0,0.0,123.0,0.0,56.0
604,2008,6,12,4,1538,1305,1939.0,1725,AA,1418,N577AA,121.0,140,102.0,134.0,153,TUS,DFW,813,10.0,9,0,N,0,0.0,0.0,0.0,0.0,134.0
606,2008,6,14,6,1324,1305,1752.0,1725,AA,1418,N513AA,148.0,140,113.0,27.0,19,TUS,DFW,813,17.0,18,0,N,0,0.0,0.0,8.0,0.0,19.0
608,2008,6,19,4,1421,1305,1834.0,1725,AA,1418,N549AA,133.0,140,107.0,69.0,76,TUS,DFW,813,13.0,13,0,N,0,0.0,5.0,0.0,0.0,64.0
609,2008,6,20,5,1326,1305,1807.0,1725,AA,1418,N4WMAA,161.0,140,105.0,42.0,21,TUS,DFW,813,45.0,11,0,N,0,9.0,0.0,21.0,0.0,12.0
612,2008,6,24,2,1348,1305,1805.0,1725,AA,1418,N548AA,137.0,140,110.0,40.0,43,TUS,DFW,813,14.0,13,0,N,0,0.0,0.0,0.0,0.0,40.0
614,2008,6,26,4,1322,1305,1745.0,1725,AA,1418,N476AA,143.0,140,112.0,20.0,17,TUS,DFW,813,9.0,22,0,N,0,8.0,0.0,3.0,0.0,9.0
615,2008,6,11,3,949,940,1106.0,1050,AA,1419,N4YKAA,77.0,70,42.0,16.0,9,LAS,LAX,236,11.0,24,0,N,0,0.0,0.0,10.0,0.0,6.0
616,2008,6,13,5,948,940,1109.0,1050,AA,1419,N4XDAA,81.0,70,43.0,19.0,8,LAS,LAX,236,6.0,32,0,N,0,0.0,0.0,11.0,0.0,8.0
617,2008,6,24,2,1012,940,1117.0,1050,AA,1419,N4XJAA,65.0,70,43.0,27.0,32,LAS,LAX,236,4.0,18,0,N,0,27.0,0.0,0.0,0.0,0.0
620,2008,6,29,7,754,730,918.0,850,AA,1419,N4YBAA,204.0,200,182.0,28.0,24,STL,LAS,1372,7.0,15,0,N,0,24.0,0.0,4.0,0.0,0.0
621,2008,6,1,7,2126,2020,2332.0,2220,AA,1421,N574AA,186.0,180,170.0,72.0,66,IAD,DFW,1172,4.0,12,0,N,0,0.0,12.0,6.0,0.0,54.0
622,2008,6,3,2,2115,2020,2347.0,2220,AA,1421,N481AA,212.0,180,170.0,87.0,55,IAD,DFW,1172,5.0,37,0,N,0,20.0,0.0,32.0,0.0,35.0
623,2008,6,4,3,2205,2020,110.0,2220,AA,1421,N548AA,245.0,180,159.0,170.0,105,IAD,DFW,1172,3.0,83,0,N,0,0.0,55.0,65.0,0.0,50.0
624,2008,6,8,7,2152,2020,2338.0,2220,AA,1421,N227AA,166.0,180,153.0,78.0,92,IAD,DFW,1172,4.0,9,0,N,0,0.0,0.0,0.0,0.0,78.0
625,2008,6,9,1,2145,2020,2352.0,2220,AA,1421,N481AA,187.0,180,162.0,92.0,85,IAD,DFW,1172,6.0,19,0,N,0,0.0,0.0,7.0,0.0,85.0
626,2008,6,10,2,2115,2020,17.0,2220,AA,1421,N287AA,242.0,180,158.0,117.0,55,IAD,DFW,1172,5.0,79,0,N,0,0.0,49.0,62.0,0.0,6.0
627,2008,6,12,4,2249,2020,39.0,2220,AA,1421,N574AA,170.0,180,150.0,139.0,149,IAD,DFW,1172,7.0,13,0,N,0,0.0,0.0,0.0,0.0,139.0
628,2008,6,13,5,2228,2020,21.0,2220,AA,1421,N552AA,173.0,180,157.0,121.0,128,IAD,DFW,1172,3.0,13,0,N,0,0.0,0.0,19.0,0.0,102.0
629,2008,6,15,7,2130,2020,2319.0,2220,AA,1421,N292AA,169.0,180,157.0,59.0,70,IAD,DFW,1172,4.0,8,0,N,0,0.0,0.0,0.0,0.0,59.0
630,2008,6,16,1,2105,2020,2343.0,2220,AA,1421,N481AA,218.0,180,168.0,83.0,45,IAD,DFW,1172,7.0,43,0,N,0,8.0,0.0,38.0,0.0,37.0
631,2008,6,17,2,2044,2020,2247.0,2220,AA,1421,N471AA,183.0,180,162.0,27.0,24,IAD,DFW,1172,10.0,11,0,N,0,0.0,0.0,3.0,0.0,24.0
632,2008,6,19,4,2300,2020,59.0,2220,AA,1421,N528AA,179.0,180,160.0,159.0,160,IAD,DFW,1172,5.0,14,0,N,0,0.0,0.0,11.0,0.0,148.0
633,2008,6,20,5,2104,2020,2335.0,2220,AA,1421,N588AA,211.0,180,164.0,75.0,44,IAD,DFW,1172,32.0,15,0,N,0,17.0,0.0,31.0,0.0,27.0
634,2008,6,22,7,2135,2020,2336.0,2220,AA,1421,N248AA,181.0,180,160.0,76.0,75,IAD,DFW,1172,7.0,14,0,N,0,0.0,0.0,4.0,0.0,72.0
635,2008,6,23,1,2027,2020,2242.0,2220,AA,1421,N594AA,195.0,180,161.0,22.0,7,IAD,DFW,1172,8.0,26,0,N,0,0.0,0.0,15.0,0.0,7.0
637,2008,6,27,5,2040,2020,2238.0,2220,AA,1421,N537AA,178.0,180,150.0,18.0,20,IAD,DFW,1172,6.0,22,0,N,0,0.0,0.0,3.0,0.0,15.0
639,2008,6,24,2,1417,1255,1606.0,1445,AA,1423,N4YKAA,229.0,230,215.0,81.0,82,STL,LAX,1593,6.0,8,0,N,0,0.0,55.0,0.0,0.0,26.0
641,2008,6,4,3,716,630,940.0,835,AA,1425,N5DSAA,204.0,185,180.0,65.0,46,MIA,ORD,1197,5.0,19,0,N,0,46.0,0.0,19.0,0.0,0.0
645,2008,6,4,3,1026,930,1254.0,1135,AA,1425,N5DSAA,268.0,245,248.0,79.0,56,ORD,SNA,1726,7.0,13,0,N,0,0.0,0.0,23.0,0.0,56.0
646,2008,6,5,4,951,930,1159.0,1135,AA,1425,N5CYAA,248.0,245,224.0,24.0,21,ORD,SNA,1726,7.0,17,0,N,0,0.0,0.0,5.0,0.0,19.0
647,2008,6,8,7,942,930,1204.0,1135,AA,1425,N5EGAA,262.0,245,243.0,29.0,12,ORD,SNA,1726,8.0,11,0,N,0,12.0,0.0,17.0,0.0,0.0
648,2008,6,9,1,1026,930,1243.0,1135,AA,1425,N5DJAA,257.0,245,231.0,68.0,56,ORD,SNA,1726,6.0,20,0,N,0,48.0,0.0,12.0,0.0,8.0
649,2008,6,10,2,937,930,1200.0,1135,AA,1425,N5BTAA,263.0,245,244.0,25.0,7,ORD,SNA,1726,7.0,12,0,N,0,7.0,0.0,18.0,0.0,0.0
650,2008,6,12,4,954,930,1224.0,1135,AA,1425,N5CLAA,270.0,245,242.0,49.0,24,ORD,SNA,1726,9.0,19,0,N,0,9.0,0.0,25.0,0.0,15.0
651,2008,6,13,5,947,930,1219.0,1135,AA,1425,N5CLAA,272.0,245,241.0,44.0,17,ORD,SNA,1726,15.0,16,0,N,0,5.0,0.0,27.0,0.0,12.0
653,2008,6,16,1,1224,930,1445.0,1135,AA,1425,N5ELAA,261.0,245,236.0,190.0,174,ORD,SNA,1726,11.0,14,0,N,0,174.0,0.0,16.0,0.0,0.0
654,2008,6,18,3,943,930,1159.0,1135,AA,1425,N5FEAA,256.0,245,228.0,24.0,13,ORD,SNA,1726,6.0,22,0,N,0,13.0,0.0,11.0,0.0,0.0
655,2008,6,19,4,941,930,1205.0,1135,AA,1425,N5BRAA,264.0,245,238.0,30.0,11,ORD,SNA,1726,9.0,17,0,N,0,11.0,0.0,19.0,0.0,0.0
656,2008,6,20,5,1013,930,1234.0,1135,AA,1425,N5CRAA,261.0,245,227.0,59.0,43,ORD,SNA,1726,7.0,27,0,N,0,41.0,0.0,16.0,0.0,2.0
657,2008,6,23,1,957,930,1206.0,1135,AA,1425,N621AA,249.0,245,220.0,31.0,27,ORD,SNA,1726,8.0,21,0,N,0,17.0,0.0,4.0,0.0,10.0
659,2008,6,26,4,941,930,1215.0,1135,AA,1425,N5CFAA,274.0,245,226.0,40.0,11,ORD,SNA,1726,5.0,43,0,N,0,11.0,0.0,29.0,0.0,0.0
660,2008,6,27,5,957,930,1210.0,1135,AA,1425,N5FSAA,253.0,245,221.0,35.0,27,ORD,SNA,1726,7.0,25,0,N,0,27.0,0.0,8.0,0.0,0.0
663,2008,6,1,7,1444,1420,1536.0,1505,AA,1429,N617AA,172.0,165,155.0,31.0,24,DFW,SAN,1171,3.0,14,0,N,0,0.0,0.0,7.0,0.0,24.0
664,2008,6,4,3,1453,1420,1556.0,1505,AA,1429,N631AA,183.0,165,165.0,51.0,33,DFW,SAN,1171,3.0,15,0,N,0,5.0,0.0,18.0,0.0,28.0
665,2008,6,5,4,1427,1420,1528.0,1505,AA,1429,N637AA,181.0,165,161.0,23.0,7,DFW,SAN,1171,8.0,12,0,N,0,7.0,0.0,16.0,0.0,0.0
666,2008,6,8,7,1704,1420,1811.0,1505,AA,1429,N622AA,187.0,165,156.0,186.0,164,DFW,SAN,1171,3.0,28,0,N,0,164.0,0.0,22.0,0.0,0.0
668,2008,6,12,4,1454,1420,1549.0,1505,AA,1429,N615AA,175.0,165,158.0,44.0,34,DFW,SAN,1171,3.0,14,0,N,0,33.0,0.0,10.0,0.0,1.0
669,2008,6,16,1,1514,1420,1558.0,1505,AA,1429,N5CSAA,164.0,165,152.0,53.0,54,DFW,SAN,1171,2.0,10,0,N,0,53.0,0.0,0.0,0.0,0.0
670,2008,6,17,2,1549,1420,1649.0,1505,AA,1429,N5DTAA,180.0,165,149.0,104.0,89,DFW,SAN,1171,2.0,29,0,N,0,0.0,13.0,15.0,0.0,76.0
671,2008,6,18,3,1532,1420,1623.0,1505,AA,1429,N5CJAA,171.0,165,155.0,78.0,72,DFW,SAN,1171,2.0,14,0,N,0,5.0,0.0,6.0,0.0,67.0
672,2008,6,19,4,1702,1420,1757.0,1505,AA,1429,N621AA,175.0,165,163.0,172.0,162,DFW,SAN,1171,2.0,10,0,N,0,0.0,70.0,10.0,0.0,92.0
673,2008,6,20,5,1506,1420,1600.0,1505,AA,1429,N5EHAA,174.0,165,156.0,55.0,46,DFW,SAN,1171,4.0,14,0,N,0,46.0,0.0,9.0,0.0,0.0
674,2008,6,22,7,1507,1420,1555.0,1505,AA,1429,N627AA,168.0,165,151.0,50.0,47,DFW,SAN,1171,5.0,12,0,N,0,3.0,0.0,3.0,0.0,44.0
675,2008,6,27,5,1433,1420,1520.0,1505,AA,1429,N5CBAA,167.0,165,153.0,15.0,13,DFW,SAN,1171,3.0,11,0,N,0,12.0,0.0,2.0,0.0,1.0
676,2008,6,29,7,1450,1420,1543.0,1505,AA,1429,N610AA,173.0,165,152.0,38.0,30,DFW,SAN,1171,4.0,17,0,N,0,30.0,0.0,8.0,0.0,0.0
677,2008,6,30,1,1504,1420,1552.0,1505,AA,1429,N5CTAA,168.0,165,157.0,47.0,44,DFW,SAN,1171,2.0,9,0,N,0,11.0,0.0,3.0,0.0,33.0
682,2008,6,10,2,921,900,1253.0,1225,AA,1430,N441AA,152.0,145,134.0,28.0,21,DFW,TPA,929,3.0,15,0,N,0,21.0,0.0,7.0,0.0,0.0
684,2008,6,14,6,941,900,1318.0,1225,AA,1430,N559AA,157.0,145,128.0,53.0,41,DFW,TPA,929,3.0,26,0,N,0,41.0,0.0,12.0,0.0,0.0
685,2008,6,19,4,1008,900,1337.0,1225,AA,1430,N535AA,149.0,145,115.0,72.0,68,DFW,TPA,929,3.0,31,0,N,0,0.0,46.0,4.0,0.0,22.0
686,2008,6,20,5,930,900,1241.0,1225,AA,1430,N441AA,131.0,145,116.0,16.0,30,DFW,TPA,929,5.0,10,0,N,0,11.0,0.0,0.0,0.0,5.0
687,2008,6,21,6,916,900,1243.0,1225,AA,1430,N557AA,147.0,145,129.0,18.0,16,DFW,TPA,929,3.0,15,0,N,0,16.0,0.0,2.0,0.0,0.0
688,2008,6,22,7,907,900,1240.0,1225,AA,1430,N421AA,153.0,145,127.0,15.0,7,DFW,TPA,929,5.0,21,0,N,0,7.0,0.0,8.0,0.0,0.0
689,2008,6,24,2,911,900,1240.0,1225,AA,1430,N497AA,149.0,145,127.0,15.0,11,DFW,TPA,929,6.0,16,0,N,0,6.0,0.0,4.0,0.0,5.0
691,2008,6,28,6,932,900,1245.0,1225,AA,1430,N493AA,133.0,145,116.0,20.0,32,DFW,TPA,929,3.0,14,0,N,0,20.0,0.0,0.0,0.0,0.0
692,2008,6,1,7,1547,1415,2000.0,1859,AA,1432,N555AA,193.0,224,176.0,61.0,92,DFW,EWR,1372,7.0,10,0,N,0,0.0,0.0,48.0,0.0,13.0
693,2008,6,2,1,1454,1415,1923.0,1859,AA,1432,N4YJAA,209.0,224,185.0,24.0,39,DFW,EWR,1372,12.0,12,0,N,0,4.0,0.0,0.0,0.0,20.0
694,2008,6,3,2,1453,1415,1932.0,1859,AA,1432,N4WAAA,219.0,224,194.0,33.0,38,DFW,EWR,1372,8.0,17,0,N,0,0.0,0.0,33.0,0.0,0.0
695,2008,6,4,3,1510,1415,2030.0,1859,AA,1432,N564AA,260.0,224,215.0,91.0,55,DFW,EWR,1372,9.0,36,0,N,0,0.0,0.0,91.0,0.0,0.0
696,2008,6,5,4,1431,1415,1934.0,1859,AA,1432,N598AA,243.0,224,191.0,35.0,16,DFW,EWR,1372,34.0,18,0,N,0,16.0,0.0,19.0,0.0,0.0
697,2008,6,6,5,1626,1415,2110.0,1859,AA,1432,N4XBAA,224.0,224,196.0,131.0,131,DFW,EWR,1372,12.0,16,0,N,0,0.0,0.0,106.0,0.0,25.0
698,2008,6,9,1,1441,1415,2126.0,1859,AA,1432,N439AA,345.0,224,193.0,147.0,26,DFW,EWR,1372,8.0,144,0,N,0,0.0,0.0,147.0,0.0,0.0
699,2008,6,10,2,1450,1415,1920.0,1859,AA,1432,N599AA,210.0,224,182.0,21.0,35,DFW,EWR,1372,7.0,21,0,N,0,0.0,0.0,21.0,0.0,0.0
700,2009,6,11,3,1543,1415,2020.0,1859,AA,1432,N4XNAA,217.0,224,186.0,81.0,88,DFW,EWR,1372,11.0,20,0,N,0,0.0,0.0,18.0,0.0,63.0
702,2009,6,13,5,1503,1415,1929.0,1859,AA,1432,N4WWAA,206.0,224,182.0,30.0,48,DFW,EWR,1372,7.0,17,0,N,0,0.0,0.0,30.0,0.0,0.0
703,2009,6,15,7,1443,1415,2116.0,1859,AA,1432,N588AA,333.0,224,224.0,137.0,28,DFW,EWR,1372,17.0,92,0,N,0,6.0,0.0,109.0,0.0,22.0
706,2009,6,23,1,1454,1415,2052.0,1859,AA,1432,N4XTAA,298.0,224,177.0,113.0,39,DFW,EWR,1372,4.0,117,0,N,0,0.0,0.0,88.0,0.0,25.0
707,2009,6,24,2,1501,1415,2042.0,1859,AA,1432,N4XXAA,281.0,224,192.0,103.0,46,DFW,EWR,1372,11.0,78,0,N,0,0.0,0.0,103.0,0.0,0.0
709,2009,6,28,6,1607,1415,2033.0,1859,AA,1432,N4XSAA,206.0,224,179.0,94.0,112,DFW,EWR,1372,12.0,15,0,N,0,0.0,0.0,51.0,0.0,43.0
711,2009,6,1,7,1612,1515,1706.0,1615,AA,1433,N3BDAA,174.0,180,157.0,51.0,57,DFW,SNA,1205,5.0,12,0,N,0,23.0,0.0,0.0,0.0,28.0
712,2009,6,4,3,1536,1515,1702.0,1615,AA,1433,N3AMAA,206.0,180,184.0,47.0,21,DFW,SNA,1205,7.0,15,0,N,0,21.0,0.0,26.0,0.0,0.0
713,2009,6,5,4,1533,1515,1658.0,1615,AA,1433,N3CUAA,205.0,180,177.0,43.0,18,DFW,SNA,1205,9.0,19,0,N,0,18.0,0.0,25.0,0.0,0.0
714,2009,6,8,7,1538,1515,1646.0,1615,AA,1433,N3CRAA,188.0,180,168.0,31.0,23,DFW,SNA,1205,5.0,15,0,N,0,23.0,0.0,8.0,0.0,0.0
715,2009,6,12,4,1535,1515,1657.0,1615,AA,1433,N3CPAA,202.0,180,171.0,42.0,20,DFW,SNA,1205,7.0,24,0,N,0,12.0,0.0,22.0,0.0,8.0
716,2009,6,13,5,1535,1515,1650.0,1615,AA,1433,N3CFAA,195.0,180,168.0,35.0,20,DFW,SNA,1205,7.0,20,0,N,0,11.0,0.0,15.0,0.0,9.0
718,2009,6,16,1,1547,1515,1653.0,1615,AA,1433,N3AVAA,186.0,180,164.0,38.0,32,DFW,SNA,1205,5.0,17,0,N,0,0.0,0.0,38.0,0.0,0.0
719,2009,6,19,4,1645,1515,1759.0,1615,AA,1433,N3CGAA,194.0,180,165.0,104.0,90,DFW,SNA,1205,6.0,23,0,N,0,0.0,0.0,14.0,0.0,90.0
721,2009,6,23,1,1552,1515,1705.0,1615,AA,1433,N3BAAA,193.0,180,171.0,50.0,37,DFW,SNA,1205,6.0,16,0,N,0,37.0,0.0,13.0,0.0,0.0
722,2009,6,25,3,1552,1515,1657.0,1615,AA,1433,N3CRAA,185.0,180,164.0,42.0,37,DFW,SNA,1205,8.0,13,0,N,0,37.0,0.0,5.0,0.0,0.0
723,2009,6,26,4,1634,1515,1752.0,1615,AA,1433,N3CBAA,198.0,180,164.0,97.0,79,DFW,SNA,1205,7.0,27,0,N,0,79.0,0.0,18.0,0.0,0.0
724,2009,6,27,5,1530,1515,1640.0,1615,AA,1433,N3CUAA,190.0,180,161.0,25.0,15,DFW,SNA,1205,11.0,18,0,N,0,15.0,0.0,10.0,0.0,0.0
726,2009,6,1,7,1158,1135,1522.0,1500,AA,1436,N512AA,144.0,145,121.0,22.0,23,DFW,CLT,936,9.0,14,0,N,0,22.0,0.0,0.0,0.0,0.0
727,2009,6,6,5,1259,1135,1613.0,1500,AA,1436,N516AA,134.0,145,117.0,73.0,84,DFW,CLT,936,7.0,10,0,N,0,0.0,0.0,0.0,0.0,73.0
728,2009,6,7,6,1153,1135,1515.0,1500,AA,1436,N560AA,142.0,145,121.0,15.0,18,DFW,CLT,936,8.0,13,0,N,0,9.0,0.0,0.0,0.0,6.0
729,2009,6,8,7,1155,1135,1533.0,1500,AA,1436,N486AA,158.0,145,129.0,33.0,20,DFW,CLT,936,10.0,19,0,N,0,20.0,0.0,13.0,0.0,0.0
730,2009,6,9,1,1156,1135,1546.0,1500,AA,1436,N586AA,170.0,145,124.0,46.0,21,DFW,CLT,936,8.0,38,0,N,0,10.0,0.0,25.0,0.0,11.0
731,2009,6,10,2,1148,1135,1517.0,1500,AA,1436,N477AA,149.0,145,125.0,17.0,13,DFW,CLT,936,12.0,12,0,N,0,3.0,0.0,4.0,0.0,10.0
732,2009,6,14,6,1230,1135,1555.0,1500,AA,1436,N415AA,145.0,145,122.0,55.0,55,DFW,CLT,936,7.0,16,0,N,0,17.0,0.0,0.0,0.0,38.0
733,2009,6,15,7,1158,1135,1524.0,1500,AA,1436,N512AA,146.0,145,127.0,24.0,23,DFW,CLT,936,2.0,17,0,N,0,23.0,0.0,1.0,0.0,0.0
734,2009,6,17,2,1146,1135,1621.0,1500,AA,1436,N506AA,215.0,145,124.0,81.0,11,DFW,CLT,936,3.0,88,0,N,0,9.0,0.0,70.0,0.0,2.0
735,2009,6,23,1,1259,1135,1629.0,1500,AA,1436,N4UBAA,150.0,145,125.0,89.0,84,DFW,CLT,936,7.0,18,0,N,0,21.0,0.0,5.0,0.0,63.0
736,2009,6,26,4,1339,1135,1711.0,1500,AA,1436,N502AA,152.0,145,127.0,131.0,124,DFW,CLT,936,7.0,18,0,N,0,14.0,0.0,7.0,0.0,110.0
738,2009,6,6,5,1107,935,1225.0,1050,AA,1436,N516AA,78.0,75,52.0,95.0,92,ICT,DFW,328,16.0,10,0,N,0,92.0,0.0,3.0,0.0,0.0
739,2009,6,10,2,948,935,1110.0,1050,AA,1436,N477AA,82.0,75,49.0,20.0,13,ICT,DFW,328,22.0,11,0,N,0,13.0,0.0,7.0,0.0,0.0
740,2009,6,14,6,1027,935,1140.0,1050,AA,1436,N550AA,73.0,75,49.0,50.0,52,ICT,DFW,328,14.0,10,0,N,0,50.0,0.0,0.0,0.0,0.0
741,2009,6,26,4,1134,935,1250.0,1050,AA,1436,N502AA,76.0,75,52.0,120.0,119,ICT,DFW,328,11.0,13,0,N,0,119.0,0.0,1.0,0.0,0.0
742,2009,6,1,7,1253,1215,1308.0,1225,AA,1437,N493AA,135.0,130,113.0,43.0,38,DFW,TUS,813,4.0,18,0,N,0,36.0,0.0,5.0,0.0,2.0
743,2009,6,5,4,1224,1215,1248.0,1225,AA,1437,N537AA,144.0,130,127.0,23.0,9,DFW,TUS,813,5.0,12,0,N,0,9.0,0.0,14.0,0.0,0.0
744,2009,6,8,7,1236,1215,1255.0,1225,AA,1437,N556AA,139.0,130,114.0,30.0,21,DFW,TUS,813,5.0,20,0,N,0,21.0,0.0,9.0,0.0,0.0
745,2009,6,9,1,1304,1215,1321.0,1225,AA,1437,N432AA,137.0,130,112.0,56.0,49,DFW,TUS,813,4.0,21,0,N,0,49.0,0.0,7.0,0.0,0.0
747,2009,6,12,4,1450,1215,1458.0,1225,AA,1437,N577AA,128.0,130,112.0,153.0,155,DFW,TUS,813,5.0,11,0,N,0,153.0,0.0,0.0,0.0,0.0
748,2009,6,14,6,1225,1215,1248.0,1225,AA,1437,N513AA,143.0,130,114.0,23.0,10,DFW,TUS,813,7.0,22,0,N,0,10.0,0.0,13.0,0.0,0.0
749,2009,6,19,4,1313,1215,1336.0,1225,AA,1437,N549AA,143.0,130,113.0,71.0,58,DFW,TUS,813,5.0,25,0,N,0,0.0,11.0,13.0,0.0,47.0
750,2009,6,23,1,1225,1215,1243.0,1225,AA,1437,N463AA,138.0,130,112.0,18.0,10,DFW,TUS,813,9.0,17,0,N,0,0.0,0.0,8.0,0.0,10.0
751,2009,6,24,2,1253,1215,1311.0,1225,AA,1437,N548AA,138.0,130,112.0,46.0,38,DFW,TUS,813,6.0,20,0,N,0,38.0,0.0,8.0,0.0,0.0
753,2009,6,3,2,2053,1840,2254.0,2010,AA,1438,N434AA,121.0,90,63.0,164.0,133,ORD,BNA,409,8.0,50,0,N,0,0.0,0.0,31.0,0.0,133.0
754,2009,6,5,4,2035,1840,2204.0,2010,AA,1438,N541AA,89.0,90,59.0,114.0,115,ORD,BNA,409,8.0,22,0,N,0,0.0,0.0,15.0,0.0,99.0
755,2009,6,6,5,2100,1840,2222.0,2010,AA,1438,N4XCAA,82.0,90,59.0,132.0,140,ORD,BNA,409,5.0,18,0,N,0,0.0,0.0,9.0,0.0,123.0
756,2009,6,7,6,1924,1840,2111.0,2010,AA,1438,N466AA,107.0,90,60.0,61.0,44,ORD,BNA,409,15.0,32,0,N,0,0.0,0.0,24.0,0.0,37.0
757,2009,6,8,7,1929,1835,2052.0,2000,AA,1438,N547AA,83.0,85,60.0,52.0,54,ORD,BNA,409,9.0,14,0,N,0,0.0,0.0,16.0,0.0,36.0
758,2009,6,9,1,1941,1840,2121.0,2010,AA,1438,N4YSAA,100.0,90,65.0,71.0,61,ORD,BNA,409,7.0,28,0,N,0,16.0,0.0,24.0,0.0,31.0
760,2009,6,13,5,1955,1840,2124.0,2010,AA,1438,N4XEAA,89.0,90,60.0,74.0,75,ORD,BNA,409,7.0,22,0,N,0,0.0,0.0,15.0,0.0,59.0
761,2009,6,15,7,1851,1835,2029.0,2000,AA,1438,N4YFAA,98.0,85,82.0,29.0,16,ORD,BNA,409,5.0,11,0,N,0,0.0,0.0,20.0,0.0,9.0
763,2009,6,17,2,1922,1840,2030.0,2010,AA,1438,N540AA,68.0,90,55.0,20.0,42,ORD,BNA,409,5.0,8,0,N,0,8.0,0.0,7.0,0.0,5.0
764,2009,6,18,3,1905,1840,2031.0,2010,AA,1438,N513AA,86.0,90,56.0,21.0,25,ORD,BNA,409,5.0,25,0,N,0,0.0,0.0,0.0,0.0,21.0
765,2009,6,20,5,1901,1840,2044.0,2010,AA,1438,N434AA,103.0,90,63.0,34.0,21,ORD,BNA,409,7.0,33,0,N,0,0.0,0.0,34.0,0.0,0.0
767,2009,6,22,7,1901,1835,2031.0,2000,AA,1438,N4YFAA,90.0,85,64.0,31.0,26,ORD,BNA,409,7.0,19,0,N,0,0.0,0.0,30.0,0.0,1.0
768,2009,6,23,1,2023,1840,2153.0,2010,AA,1438,N4WUAA,90.0,90,58.0,103.0,103,ORD,BNA,409,7.0,25,0,N,0,68.0,0.0,0.0,0.0,35.0
769,2009,6,27,5,1904,1840,2036.0,2010,AA,1438,N4YKAA,92.0,90,63.0,26.0,24,ORD,BNA,409,5.0,24,0,N,0,0.0,0.0,3.0,0.0,23.0
771,2009,6,29,7,1922,1840,2046.0,2010,AA,1438,N550AA,84.0,90,59.0,36.0,42,ORD,BNA,409,5.0,20,0,N,0,0.0,0.0,0.0,0.0,36.0
772,2009,6,30,1,1935,1840,2054.0,2010,AA,1438,N543AA,79.0,90,59.0,44.0,55,ORD,BNA,409,4.0,16,0,N,0,5.0,0.0,0.0,0.0,39.0
774,2009,6,2,1,1207,1200,1745.0,1730,AA,1438,N4XUAA,218.0,210,193.0,15.0,7,TUS,ORD,1437,7.0,18,0,N,0,0.0,0.0,8.0,0.0,7.0
775,2009,6,3,2,1443,1200,2015.0,1730,AA,1438,N434AA,212.0,210,189.0,165.0,163,TUS,ORD,1437,10.0,13,0,N,0,0.0,0.0,117.0,0.0,48.0
776,2009,6,5,4,1351,1200,1940.0,1730,AA,1438,N541AA,229.0,210,184.0,130.0,111,TUS,ORD,1437,26.0,19,0,N,0,0.0,0.0,95.0,0.0,35.0
777,2009,6,6,5,1425,1200,2010.0,1730,AA,1438,N4XCAA,225.0,210,168.0,160.0,145,TUS,ORD,1437,12.0,45,0,N,0,0.0,0.0,160.0,0.0,0.0
778,2009,6,7,6,1304,1200,1837.0,1730,AA,1438,N466AA,213.0,210,179.0,67.0,64,TUS,ORD,1437,17.0,17,0,N,0,0.0,0.0,3.0,0.0,64.0
779,2009,6,8,7,1250,1200,1832.0,1730,AA,1438,N547AA,222.0,210,183.0,62.0,50,TUS,ORD,1437,11.0,28,0,N,0,0.0,0.0,34.0,0.0,28.0
780,2009,6,9,1,1306,1200,1855.0,1730,AA,1438,N569AA,229.0,210,208.0,85.0,66,TUS,ORD,1437,8.0,13,0,N,0,0.0,0.0,57.0,0.0,28.0
781,2009,6,11,3,1310,1200,1816.0,1730,AA,1438,N4XHAA,186.0,210,168.0,46.0,70,TUS,ORD,1437,10.0,8,0,N,0,0.0,0.0,46.0,0.0,0.0
782,2009,6,12,4,1237,1200,1757.0,1730,AA,1438,N592AA,200.0,210,170.0,27.0,37,TUS,ORD,1437,7.0,23,0,N,0,0.0,0.0,12.0,0.0,15.0
783,2009,6,13,5,1341,1200,1900.0,1730,AA,1438,N4XEAA,199.0,210,149.0,90.0,101,TUS,ORD,1437,6.0,44,0,N,0,0.0,0.0,84.0,0.0,6.0
784,2009,6,15,7,1239,1200,1804.0,1730,AA,1438,N4YFAA,205.0,210,184.0,34.0,39,TUS,ORD,1437,9.0,12,0,N,0,2.0,0.0,0.0,0.0,32.0
785,2009,6,16,1,1251,1200,1820.0,1730,AA,1438,N563AA,209.0,210,176.0,50.0,51,TUS,ORD,1437,13.0,20,0,N,0,0.0,0.0,38.0,0.0,12.0
786,2009,6,17,2,1311,1200,1834.0,1730,AA,1438,N223AA,203.0,210,189.0,64.0,71,TUS,ORD,1437,4.0,10,0,N,0,0.0,0.0,64.0,0.0,0.0
787,2009,6,19,4,1221,1200,1748.0,1730,AA,1438,N4XSAA,207.0,210,185.0,18.0,21,TUS,ORD,1437,8.0,14,0,N,0,14.0,0.0,0.0,0.0,4.0
788,2009,6,21,6,1232,1200,1810.0,1710,AA,1438,N435AA,218.0,190,193.0,60.0,32,TUS,ORD,1437,8.0,17,0,N,0,0.0,13.0,28.0,0.0,19.0
789,2009,6,22,7,1220,1200,1756.0,1730,AA,1438,N4YFAA,216.0,210,186.0,26.0,20,TUS,ORD,1437,8.0,22,0,N,0,0.0,0.0,24.0,0.0,2.0
790,2009,6,23,1,1230,1200,1804.0,1730,AA,1438,N4XEAA,214.0,210,182.0,34.0,30,TUS,ORD,1437,9.0,23,0,N,0,30.0,0.0,4.0,0.0,0.0
791,2009,6,26,4,1229,1200,1747.0,1730,AA,1438,N4XBAA,198.0,210,179.0,17.0,29,TUS,ORD,1437,7.0,12,0,N,0,8.0,0.0,0.0,0.0,9.0
793,2009,6,8,7,1129,1050,1259.0,1220,AA,1439,N526AA,90.0,90,70.0,39.0,39,MCI,DFW,460,8.0,12,0,N,0,0.0,0.0,0.0,0.0,39.0
794,2009,6,9,1,1108,1050,1322.0,1220,AA,1439,N451AA,134.0,90,94.0,62.0,18,MCI,DFW,460,26.0,14,0,N,0,0.0,0.0,44.0,0.0,18.0
795,2009,6,10,2,1110,1050,1242.0,1220,AA,1439,N5FRAA,92.0,90,66.0,22.0,20,MCI,DFW,460,6.0,20,0,N,0,20.0,0.0,2.0,0.0,0.0
796,2009,6,15,7,1056,1050,1242.0,1220,AA,1439,N431AA,106.0,90,67.0,22.0,6,MCI,DFW,460,29.0,10,0,N,0,0.0,0.0,16.0,0.0,6.0
797,2009,6,17,2,1111,1050,1414.0,1220,AA,1439,N484AA,183.0,90,78.0,114.0,21,MCI,DFW,460,19.0,86,0,N,0,0.0,0.0,93.0,0.0,21.0
799,2009,6,19,4,1215,1050,1339.0,1220,AA,1439,N232AA,84.0,90,62.0,79.0,85,MCI,DFW,460,11.0,11,0,N,0,0.0,0.0,0.0,0.0,79.0
800,2010,6,23,1,1100,1050,1237.0,1220,AA,1439,N534AA,97.0,90,73.0,17.0,10,MCI,DFW,460,11.0,13,0,N,0,0.0,0.0,7.0,0.0,10.0
801,2010,6,30,1,1112,1050,1240.0,1220,AA,1439,N432AA,88.0,90,70.0,20.0,22,MCI,DFW,460,5.0,13,0,N,0,0.0,0.0,0.0,0.0,20.0
802,2010,6,1,7,1311,1255,1450.0,1430,AA,1441,N4XBAA,219.0,215,198.0,20.0,16,DFW,SFO,1464,3.0,18,0,N,0,16.0,0.0,4.0,0.0,0.0
803,2010,6,3,2,1347,1255,1540.0,1430,AA,1441,N4XRAA,233.0,215,212.0,70.0,52,DFW,SFO,1464,7.0,14,0,N,0,52.0,0.0,18.0,0.0,0.0
804,2010,6,5,4,1314,1255,1510.0,1430,AA,1441,N4WRAA,236.0,215,199.0,40.0,19,DFW,SFO,1464,9.0,28,0,N,0,19.0,0.0,21.0,0.0,0.0
805,2010,6,6,5,1314,1255,1503.0,1430,AA,1441,N532AA,229.0,215,197.0,33.0,19,DFW,SFO,1464,9.0,23,0,N,0,7.0,0.0,14.0,0.0,12.0
806,2010,6,7,6,1326,1255,1507.0,1430,AA,1441,N4XCAA,221.0,215,204.0,37.0,31,DFW,SFO,1464,4.0,13,0,N,0,31.0,0.0,6.0,0.0,0.0
807,2010,6,11,3,1324,1255,1515.0,1430,AA,1441,N4XXAA,231.0,215,213.0,45.0,29,DFW,SFO,1464,6.0,12,0,N,0,29.0,0.0,16.0,0.0,0.0
808,2010,6,13,5,1304,1255,1448.0,1430,AA,1441,N4WJAA,224.0,215,194.0,18.0,9,DFW,SFO,1464,9.0,21,0,N,0,6.0,0.0,9.0,0.0,3.0
809,2010,6,19,4,1303,1255,1455.0,1430,AA,1441,N4XCAA,232.0,215,202.0,25.0,8,DFW,SFO,1464,6.0,24,0,N,0,0.0,8.0,17.0,0.0,0.0
810,2010,6,20,5,1421,1255,1620.0,1430,AA,1441,N535AA,239.0,215,206.0,110.0,86,DFW,SFO,1464,5.0,28,0,N,0,1.0,0.0,24.0,0.0,85.0
812,2010,6,24,2,1334,1255,1527.0,1430,AA,1441,N563AA,233.0,215,207.0,57.0,39,DFW,SFO,1464,4.0,22,0,N,0,0.0,0.0,57.0,0.0,0.0
813,2010,6,27,5,1353,1255,1528.0,1430,AA,1441,N4YFAA,215.0,215,178.0,58.0,58,DFW,SFO,1464,7.0,30,0,N,0,0.0,0.0,58.0,0.0,0.0
814,2010,6,29,7,1538,1255,1709.0,1430,AA,1441,N4YGAA,211.0,215,190.0,159.0,163,DFW,SFO,1464,5.0,16,0,N,0,121.0,0.0,0.0,0.0,38.0
817,2010,6,3,2,1809,1635,2109.0,1925,AA,1442,N4WWAA,120.0,110,89.0,104.0,94,ORD,DCA,612,10.0,21,0,N,0,10.0,0.0,26.0,0.0,68.0
818,2010,6,4,3,1735,1635,2043.0,1925,AA,1442,N578AA,128.0,110,106.0,78.0,60,ORD,DCA,612,7.0,15,0,N,0,0.0,0.0,18.0,0.0,60.0
820,2010,6,7,6,1657,1635,2008.0,1925,AA,1442,N590AA,131.0,110,80.0,43.0,22,ORD,DCA,612,7.0,44,0,N,0,0.0,0.0,43.0,0.0,0.0
821,2010,6,9,1,1718,1635,2107.0,1925,AA,1442,N539AA,169.0,110,86.0,102.0,43,ORD,DCA,612,3.0,80,0,N,0,0.0,0.0,74.0,0.0,28.0
822,2010,6,10,2,1641,1635,2143.0,1925,AA,1442,N405AA,242.0,110,87.0,138.0,6,ORD,DCA,612,86.0,69,0,N,0,0.0,0.0,138.0,0.0,0.0
824,2010,6,13,5,1709,1635,2036.0,1925,AA,1442,N242AA,147.0,110,88.0,71.0,34,ORD,DCA,612,7.0,52,0,N,0,0.0,0.0,71.0,0.0,0.0
825,2010,6,15,7,1722,1635,2015.0,1925,AA,1442,N274AA,113.0,110,82.0,50.0,47,ORD,DCA,612,5.0,26,0,N,0,0.0,0.0,9.0,0.0,41.0
828,2010,6,22,7,1714,1635,1955.0,1925,AA,1442,N472AA,101.0,110,85.0,30.0,39,ORD,DCA,612,3.0,13,0,N,0,0.0,0.0,8.0,0.0,22.0
829,2010,6,23,1,1710,1635,2012.0,1925,AA,1442,N523AA,122.0,110,97.0,47.0,35,ORD,DCA,612,4.0,21,0,N,0,0.0,0.0,47.0,0.0,0.0
830,2010,6,26,4,1701,1635,1947.0,1925,AA,1442,N557AA,106.0,110,83.0,22.0,26,ORD,DCA,612,7.0,16,0,N,0,4.0,0.0,0.0,0.0,18.0
831,2010,6,27,5,1702,1635,2035.0,1925,AA,1442,N558AA,153.0,110,95.0,70.0,27,ORD,DCA,612,44.0,14,0,N,0,13.0,0.0,57.0,0.0,0.0
832,2010,6,30,1,1700,1635,1954.0,1925,AA,1442,N259AA,114.0,110,90.0,29.0,25,ORD,DCA,612,5.0,19,0,N,0,0.0,0.0,14.0,0.0,15.0
834,2010,6,14,6,1656,1620,1706.0,1645,AA,1445,N573AA,130.0,145,116.0,21.0,36,DFW,PHX,868,4.0,10,0,N,0,10.0,0.0,0.0,0.0,11.0
835,2010,6,17,2,1711,1620,1745.0,1645,AA,1445,N559AA,154.0,145,126.0,60.0,51,DFW,PHX,868,8.0,20,0,N,0,0.0,9.0,9.0,0.0,42.0
836,2010,6,19,4,1721,1620,1748.0,1645,AA,1445,N201AA,147.0,145,126.0,63.0,61,DFW,PHX,868,6.0,15,0,N,0,0.0,45.0,2.0,0.0,16.0
839,2010,6,14,6,1338,1250,1559.0,1450,AA,1445,N573AA,201.0,180,168.0,69.0,48,RIC,DFW,1158,17.0,16,0,N,0,0.0,21.0,21.0,0.0,27.0
840,2010,6,15,7,1310,1250,1516.0,1450,AA,1445,N541AA,186.0,180,159.0,26.0,20,RIC,DFW,1158,11.0,16,0,N,0,0.0,0.0,6.0,0.0,20.0
841,2010,6,26,4,1310,1250,1505.0,1450,AA,1445,N454AA,175.0,180,154.0,15.0,20,RIC,DFW,1158,11.0,10,0,N,0,0.0,0.0,0.0,0.0,15.0
843,2010,6,28,6,1313,1250,1523.0,1450,AA,1445,N253AA,190.0,180,161.0,33.0,23,RIC,DFW,1158,15.0,14,0,N,0,0.0,0.0,10.0,0.0,23.0
844,2010,6,29,7,1335,1250,1543.0,1450,AA,1445,N518AA,188.0,180,164.0,53.0,45,RIC,DFW,1158,12.0,12,0,N,0,0.0,0.0,8.0,0.0,45.0
846,2010,6,2,1,2155,2105,2317.0,2220,AA,1446,N4WJAA,82.0,75,62.0,57.0,50,LAX,SFO,337,5.0,15,0,N,0,0.0,0.0,7.0,0.0,50.0
847,2010,6,3,2,2220,2105,2350.0,2220,AA,1446,N259AA,90.0,75,72.0,90.0,75,LAX,SFO,337,3.0,15,0,N,0,0.0,0.0,63.0,0.0,27.0
848,2010,6,5,4,2303,2105,54.0,2220,AA,1446,N290AA,111.0,75,73.0,154.0,118,LAX,SFO,337,10.0,28,0,N,0,0.0,0.0,85.0,0.0,69.0
852,2010,6,19,4,2241,2105,2355.0,2220,AA,1446,N4WUAA,74.0,75,53.0,95.0,96,LAX,SFO,337,3.0,18,0,N,0,0.0,0.0,0.0,0.0,95.0
854,2010,6,23,1,2233,2105,2346.0,2220,AA,1446,N550AA,73.0,75,53.0,86.0,88,LAX,SFO,337,4.0,16,0,N,0,0.0,0.0,0.0,0.0,86.0
856,2010,6,25,3,2323,2105,36.0,2220,AA,1446,N4XUAA,73.0,75,51.0,136.0,138,LAX,SFO,337,9.0,13,0,N,0,0.0,0.0,0.0,0.0,136.0
857,2010,6,26,4,2237,2105,1.0,2220,AA,1446,N424AA,84.0,75,61.0,101.0,92,LAX,SFO,337,4.0,19,0,N,0,0.0,0.0,9.0,0.0,92.0
858,2010,6,27,5,2206,2105,2315.0,2220,AA,1446,N532AA,69.0,75,48.0,55.0,61,LAX,SFO,337,4.0,17,0,N,0,0.0,0.0,0.0,0.0,55.0
859,2010,6,29,7,2208,2105,2324.0,2220,AA,1446,N521AA,76.0,75,52.0,64.0,63,LAX,SFO,337,8.0,16,0,N,0,0.0,0.0,1.0,0.0,63.0
860,2010,6,1,7,1415,1340,1635.0,1555,AA,1447,N241AA,140.0,135,109.0,40.0,35,ORD,MSY,837,3.0,28,0,N,0,12.0,0.0,5.0,0.0,23.0
862,2010,6,3,2,1419,1340,1651.0,1555,AA,1447,N476AA,152.0,135,112.0,56.0,39,ORD,MSY,837,3.0,37,0,N,0,0.0,0.0,28.0,0.0,28.0
864,2010,6,6,5,1414,1340,1644.0,1555,AA,1447,N474AA,150.0,135,118.0,49.0,34,ORD,MSY,837,6.0,26,0,N,0,0.0,0.0,35.0,0.0,14.0
866,2010,6,8,7,1424,1340,1744.0,1555,AA,1447,N417AA,200.0,135,106.0,109.0,44,ORD,MSY,837,4.0,90,0,N,0,0.0,0.0,69.0,0.0,40.0
867,2010,6,9,1,1401,1340,1633.0,1555,AA,1447,N406AA,152.0,135,129.0,38.0,21,ORD,MSY,837,6.0,17,0,N,0,0.0,0.0,30.0,0.0,8.0
868,2010,6,11,3,1421,1340,1635.0,1555,AA,1447,N258AA,134.0,135,106.0,40.0,41,ORD,MSY,837,3.0,25,0,N,0,40.0,0.0,0.0,0.0,0.0
869,2010,6,12,4,1353,1340,1617.0,1555,AA,1447,N450AA,144.0,135,107.0,22.0,13,ORD,MSY,837,5.0,32,0,N,0,13.0,0.0,9.0,0.0,0.0
870,2010,6,13,5,1416,1340,1732.0,1555,AA,1447,N406AA,196.0,135,173.0,97.0,36,ORD,MSY,837,3.0,20,0,N,0,0.0,0.0,61.0,0.0,36.0
873,2010,6,16,1,1406,1340,1614.0,1555,AA,1447,N4WKAA,128.0,135,107.0,19.0,26,ORD,MSY,837,4.0,17,0,N,0,10.0,0.0,0.0,0.0,9.0
874,2010,6,17,2,1530,1340,1737.0,1555,AA,1447,N495AA,127.0,135,113.0,102.0,110,ORD,MSY,837,4.0,10,0,N,0,85.0,0.0,0.0,0.0,17.0
875,2010,6,18,3,1415,1340,1616.0,1555,AA,1447,N441AA,121.0,135,104.0,21.0,35,ORD,MSY,837,2.0,15,0,N,0,6.0,0.0,0.0,0.0,15.0
876,2010,6,19,4,1459,1340,1720.0,1555,AA,1447,N521AA,141.0,135,113.0,85.0,79,ORD,MSY,837,4.0,24,0,N,0,0.0,0.0,6.0,0.0,79.0
878,2010,6,22,7,1406,1340,1615.0,1555,AA,1447,N453AA,129.0,135,111.0,20.0,26,ORD,MSY,837,5.0,13,0,N,0,3.0,0.0,0.0,0.0,17.0
879,2010,6,23,1,1434,1340,1630.0,1555,AA,1447,N452AA,116.0,135,100.0,35.0,54,ORD,MSY,837,3.0,13,0,N,0,1.0,0.0,0.0,0.0,34.0
881,2010,6,25,3,1629,1340,1845.0,1555,AA,1447,N236AA,136.0,135,110.0,170.0,169,ORD,MSY,837,2.0,24,0,N,0,94.0,0.0,1.0,0.0,75.0
882,2010,6,26,4,1524,1340,1740.0,1555,AA,1447,N430AA,136.0,135,111.0,105.0,104,ORD,MSY,837,2.0,23,0,N,0,101.0,0.0,4.0,0.0,0.0
883,2010,6,27,5,1350,1340,1613.0,1555,AA,1447,N262AA,143.0,135,109.0,18.0,10,ORD,MSY,837,4.0,30,0,N,0,0.0,0.0,18.0,0.0,0.0
884,2010,6,28,6,1414,1340,1631.0,1555,AA,1447,N248AA,137.0,135,118.0,36.0,34,ORD,MSY,837,4.0,15,0,N,0,12.0,0.0,2.0,0.0,22.0
885,2010,6,29,7,1403,1340,1619.0,1555,AA,1447,N448AA,136.0,135,111.0,24.0,23,ORD,MSY,837,4.0,21,0,N,0,7.0,0.0,1.0,0.0,16.0
886,2010,6,4,3,1137,1050,1419.0,1335,AA,1448,N538AA,102.0,105,84.0,44.0,47,ORD,DCA,612,5.0,13,0,N,0,15.0,0.0,0.0,0.0,29.0
887,2010,6,5,4,1108,1050,1353.0,1335,AA,1448,N489AA,105.0,105,85.0,18.0,18,ORD,DCA,612,3.0,17,0,N,0,0.0,0.0,18.0,0.0,0.0
888,2010,6,7,6,1116,1050,1418.0,1335,AA,1448,N590AA,122.0,105,81.0,43.0,26,ORD,DCA,612,6.0,35,0,N,0,0.0,0.0,17.0,0.0,26.0
889,2010,6,13,5,1125,1050,1407.0,1335,AA,1448,N413AA,102.0,105,84.0,32.0,35,ORD,DCA,612,7.0,11,0,N,0,5.0,0.0,0.0,0.0,27.0
890,2010,6,14,6,1113,1050,1357.0,1335,AA,1448,N404AA,104.0,105,88.0,22.0,23,ORD,DCA,612,6.0,10,0,N,0,12.0,0.0,0.0,0.0,10.0
891,2010,6,15,7,1208,1050,1442.0,1335,AA,1448,N274AA,94.0,105,80.0,67.0,78,ORD,DCA,612,4.0,10,0,N,0,0.0,0.0,67.0,0.0,0.0
892,2010,6,16,1,1136,1050,1415.0,1335,AA,1448,N4WAAA,99.0,105,78.0,40.0,46,ORD,DCA,612,6.0,15,0,N,0,5.0,0.0,0.0,0.0,35.0
893,2010,6,19,4,1108,1050,1352.0,1335,AA,1448,N525AA,104.0,105,81.0,17.0,18,ORD,DCA,612,3.0,20,0,N,0,0.0,0.0,0.0,0.0,17.0
894,2010,6,26,4,1101,1050,1356.0,1335,AA,1448,N479AA,115.0,105,81.0,21.0,11,ORD,DCA,612,4.0,30,0,N,0,11.0,0.0,10.0,0.0,0.0
895,2010,6,29,7,1127,1050,1413.0,1335,AA,1448,N4YSAA,106.0,105,84.0,38.0,37,ORD,DCA,612,3.0,19,0,N,0,37.0,0.0,1.0,0.0,0.0
896,2010,6,30,1,1133,1050,1414.0,1335,AA,1448,N218AA,101.0,105,87.0,39.0,43,ORD,DCA,612,4.0,10,0,N,0,10.0,0.0,0.0,0.0,29.0
897,2010,6,3,2,1130,1115,1431.0,1335,AA,1450,N424AA,181.0,140,142.0,56.0,15,MSY,ORD,837,7.0,32,0,N,0,0.0,0.0,41.0,0.0,15.0
899,2010,6,5,4,1150,1115,1406.0,1335,AA,1450,N480AA,136.0,140,119.0,31.0,35,MSY,ORD,837,8.0,9,0,N,0,0.0,0.0,31.0,0.0,0.0
900,2010,6,6,5,1126,1115,1421.0,1335,AA,1450,N520AA,175.0,140,118.0,46.0,11,MSY,ORD,837,8.0,49,0,N,0,0.0,0.0,46.0,0.0,0.0
901,2010,6,7,6,1127,1115,1404.0,1335,AA,1450,N576AA,157.0,140,134.0,29.0,12,MSY,ORD,837,9.0,14,0,N,0,0.0,0.0,17.0,0.0,12.0
902,2010,6,8,7,1148,1115,1611.0,1335,AA,1450,N521AA,263.0,140,127.0,156.0,33,MSY,ORD,837,9.0,127,0,N,0,0.0,0.0,156.0,0.0,0.0
903,2010,6,9,1,1121,1115,1352.0,1335,AA,1450,N476AA,151.0,140,118.0,17.0,6,MSY,ORD,837,4.0,29,0,N,0,0.0,0.0,17.0,0.0,0.0
904,2010,6,12,4,1151,1115,1417.0,1335,AA,1450,N4XBAA,146.0,140,117.0,42.0,36,MSY,ORD,837,12.0,17,0,N,0,0.0,0.0,6.0,0.0,36.0
905,2010,6,13,5,1132,1115,1417.0,1335,AA,1450,N442AA,165.0,140,151.0,42.0,17,MSY,ORD,837,5.0,9,0,N,0,0.0,0.0,42.0,0.0,0.0
906,2010,6,15,7,1238,1115,1507.0,1335,AA,1450,N561AA,149.0,140,132.0,92.0,83,MSY,ORD,837,8.0,9,0,N,0,0.0,0.0,64.0,0.0,28.0
907,2010,6,27,5,1158,1115,1418.0,1335,AA,1450,N402AA,140.0,140,115.0,43.0,43,MSY,ORD,837,9.0,16,0,N,0,0.0,0.0,34.0,0.0,9.0
908,2010,6,1,7,1527,1440,1858.0,1759,AA,1450,N442AA,151.0,139,95.0,59.0,47,ORD,EWR,719,10.0,46,0,N,0,0.0,0.0,59.0,0.0,0.0
909,2010,6,3,2,1515,1440,1826.0,1759,AA,1450,N424AA,131.0,139,91.0,27.0,35,ORD,EWR,719,21.0,19,0,N,0,0.0,0.0,7.0,0.0,20.0
910,2010,6,4,3,1602,1440,1924.0,1759,AA,1450,N441AA,142.0,139,93.0,85.0,82,ORD,EWR,719,19.0,30,0,N,0,0.0,0.0,3.0,0.0,82.0
911,2010,6,5,4,1551,1440,1904.0,1759,AA,1450,N481AA,133.0,139,110.0,65.0,71,ORD,EWR,719,12.0,11,0,N,0,0.0,0.0,5.0,0.0,60.0
912,2010,6,6,5,1509,1440,1857.0,1759,AA,1450,N520AA,168.0,139,128.0,58.0,29,ORD,EWR,719,8.0,32,0,N,0,0.0,0.0,42.0,0.0,16.0
913,2010,6,7,6,1533,1440,1836.0,1759,AA,1450,N576AA,123.0,139,93.0,37.0,53,ORD,EWR,719,4.0,26,0,N,0,0.0,0.0,37.0,0.0,0.0
914,2010,6,9,1,1723,1440,2032.0,1759,AA,1450,N453AA,129.0,139,96.0,153.0,163,ORD,EWR,719,5.0,28,0,N,0,114.0,0.0,0.0,0.0,39.0
916,2010,6,13,5,1643,1440,2032.0,1759,AA,1450,N581AA,169.0,139,98.0,153.0,123,ORD,EWR,719,9.0,62,0,N,0,111.0,0.0,30.0,0.0,12.0
918,2010,6,15,7,1552,1440,1932.0,1759,AA,1450,N561AA,160.0,139,100.0,93.0,72,ORD,EWR,719,12.0,48,0,N,0,0.0,0.0,31.0,0.0,62.0
919,2010,6,17,2,1524,1440,1847.0,1759,AA,1450,N507AA,143.0,139,98.0,48.0,44,ORD,EWR,719,16.0,29,0,N,0,0.0,0.0,48.0,0.0,0.0
920,2010,6,19,4,1619,1440,1934.0,1759,AA,1450,N464AA,135.0,139,116.0,95.0,99,ORD,EWR,719,6.0,13,0,N,0,48.0,0.0,0.0,0.0,47.0
921,2010,6,21,6,1511,1440,1841.0,1759,AA,1450,N450AA,150.0,139,119.0,42.0,31,ORD,EWR,719,5.0,26,0,N,0,0.0,0.0,42.0,0.0,0.0
923,2010,6,23,1,1506,1440,1919.0,1759,AA,1450,N293AA,193.0,139,99.0,80.0,26,ORD,EWR,719,12.0,82,0,N,0,0.0,0.0,80.0,0.0,0.0
924,2010,6,24,2,1534,1440,1927.0,1759,AA,1450,N507AA,173.0,139,102.0,88.0,54,ORD,EWR,719,10.0,61,0,N,0,0.0,0.0,88.0,0.0,0.0
925,2010,6,26,4,1500,1440,2002.0,1759,AA,1450,N429AA,242.0,139,117.0,123.0,20,ORD,EWR,719,9.0,116,0,N,0,0.0,0.0,123.0,0.0,0.0
926,2010,6,27,5,1501,1440,1816.0,1759,AA,1450,N402AA,135.0,139,94.0,17.0,21,ORD,EWR,719,27.0,14,0,N,0,0.0,0.0,6.0,0.0,11.0
927,2010,6,28,6,1533,1440,1942.0,1759,AA,1450,N406AA,189.0,139,99.0,103.0,53,ORD,EWR,719,6.0,84,0,N,0,0.0,0.0,103.0,0.0,0.0
929,2010,6,2,1,1219,1125,1319.0,1220,AA,1451,N3AHAA,120.0,115,94.0,59.0,54,MIA,MSY,674,6.0,20,0,N,0,0.0,54.0,5.0,0.0,0.0
930,2010,6,7,6,1216,1125,1311.0,1220,AA,1451,N3BMAA,115.0,115,95.0,51.0,51,MIA,MSY,674,3.0,17,0,N,0,17.0,0.0,0.0,0.0,34.0
931,2010,6,12,4,1310,1125,1357.0,1220,AA,1451,N3DGAA,107.0,115,92.0,97.0,105,MIA,MSY,674,2.0,13,0,N,0,97.0,0.0,0.0,0.0,0.0
932,2010,6,13,5,1213,1125,1318.0,1220,AA,1451,N3BAAA,125.0,115,103.0,58.0,48,MIA,MSY,674,4.0,18,0,N,0,48.0,0.0,10.0,0.0,0.0
933,2010,6,18,3,1219,1125,1537.0,1220,AA,1451,N3CPAA,258.0,115,92.0,197.0,54,MIA,MSY,674,6.0,160,0,N,0,0.0,0.0,197.0,0.0,0.0
934,2010,6,19,4,1205,1125,1312.0,1220,AA,1451,N3BNAA,127.0,115,99.0,52.0,40,MIA,MSY,674,3.0,25,0,N,0,12.0,0.0,12.0,0.0,28.0
935,2010,6,25,3,1301,1125,1353.0,1220,AA,1451,N3CSAA,112.0,115,96.0,93.0,96,MIA,MSY,674,4.0,12,0,N,0,93.0,0.0,0.0,0.0,0.0
936,2010,6,26,4,1131,1125,1236.0,1220,AA,1451,N3DDAA,125.0,115,104.0,16.0,6,MIA,MSY,674,5.0,16,0,N,0,6.0,0.0,10.0,0.0,0.0
937,2010,6,29,7,1145,1125,1235.0,1220,AA,1451,N3CGAA,110.0,115,92.0,15.0,20,MIA,MSY,674,5.0,13,0,N,0,2.0,0.0,0.0,0.0,13.0
939,2010,6,7,6,1034,925,1124.0,1025,AA,1451,N3BMAA,50.0,60,36.0,59.0,69,TPA,MIA,204,4.0,10,0,N,0,0.0,0.0,0.0,0.0,59.0
940,2010,6,13,5,1019,925,1130.0,1025,AA,1451,N3CEAA,71.0,60,38.0,65.0,54,TPA,MIA,204,8.0,25,0,N,0,0.0,0.0,11.0,0.0,54.0
943,2010,6,1,7,647,600,1205.0,1135,AA,1452,N409AA,198.0,215,169.0,30.0,47,OAK,DFW,1456,15.0,14,0,N,0,30.0,0.0,0.0,0.0,0.0
945,2010,6,24,2,621,600,1154.0,1135,AA,1452,N458AA,213.0,215,179.0,19.0,21,OAK,DFW,1456,9.0,25,0,N,0,19.0,0.0,0.0,0.0,0.0
946,2010,6,29,7,626,600,1154.0,1135,AA,1452,N493AA,208.0,215,190.0,19.0,26,OAK,DFW,1456,4.0,14,0,N,0,19.0,0.0,0.0,0.0,0.0
949,2010,6,19,4,1437,1340,1915.0,1835,AA,1456,N599AA,158.0,175,133.0,40.0,57,LAS,DFW,1055,9.0,16,0,N,0,0.0,40.0,0.0,0.0,0.0
950,2010,6,20,5,1420,1340,1854.0,1835,AA,1456,N4WBAA,154.0,175,131.0,19.0,40,LAS,DFW,1055,10.0,13,0,N,0,12.0,0.0,0.0,0.0,7.0
952,2010,6,25,3,1406,1340,1903.0,1835,AA,1456,N568AA,177.0,175,130.0,28.0,26,LAS,DFW,1055,21.0,26,0,N,0,0.0,0.0,2.0,0.0,26.0
953,2010,6,26,4,1353,1340,1905.0,1835,AA,1456,N4XXAA,192.0,175,132.0,30.0,13,LAS,DFW,1055,43.0,17,0,N,0,13.0,0.0,17.0,0.0,0.0
955,2010,6,29,7,1347,1340,1915.0,1835,AA,1456,N4YBAA,208.0,175,138.0,40.0,7,LAS,DFW,1055,26.0,44,0,N,0,0.0,0.0,33.0,0.0,7.0
960,2010,6,11,3,1142,1135,1307.0,1250,AA,1456,N4YKAA,85.0,75,42.0,17.0,7,LAX,LAS,236,14.0,29,0,N,0,0.0,0.0,10.0,0.0,7.0
963,2010,6,24,2,1158,1135,1312.0,1250,AA,1456,N4XJAA,74.0,75,45.0,22.0,23,LAX,LAS,236,7.0,22,0,N,0,0.0,0.0,1.0,0.0,21.0
964,2010,6,25,3,1219,1135,1333.0,1250,AA,1456,N568AA,74.0,75,49.0,43.0,44,LAX,LAS,236,9.0,16,0,N,0,0.0,0.0,0.0,0.0,43.0
965,2010,6,26,4,1146,1135,1305.0,1250,AA,1456,N4XXAA,79.0,75,48.0,15.0,11,LAX,LAS,236,13.0,18,0,N,0,2.0,0.0,4.0,0.0,9.0
967,2010,6,2,1,1542,1415,1609.0,1435,AA,1457,N520AA,147.0,140,124.0,94.0,87,DFW,PHX,868,4.0,19,0,N,0,5.0,0.0,7.0,0.0,82.0
968,2010,6,9,1,1541,1415,1633.0,1435,AA,1457,N232AA,172.0,140,122.0,118.0,86,DFW,PHX,868,5.0,45,0,N,0,16.0,0.0,32.0,0.0,70.0
969,2010,6,13,5,1449,1415,1515.0,1435,AA,1457,N534AA,146.0,140,122.0,40.0,34,DFW,PHX,868,6.0,18,0,N,0,34.0,0.0,6.0,0.0,0.0
970,2010,6,15,7,1506,1415,1526.0,1435,AA,1457,N200AA,140.0,140,120.0,51.0,51,DFW,PHX,868,5.0,15,0,N,0,50.0,0.0,0.0,0.0,1.0
972,2010,6,18,3,1500,1415,1516.0,1435,AA,1457,N542AA,136.0,140,118.0,41.0,45,DFW,PHX,868,5.0,13,0,N,0,8.0,0.0,0.0,0.0,33.0
973,2010,6,19,4,1511,1415,1538.0,1435,AA,1457,N4YHAA,147.0,140,126.0,63.0,56,DFW,PHX,868,6.0,15,0,N,0,0.0,56.0,7.0,0.0,0.0
974,2010,6,20,5,1520,1415,1546.0,1435,AA,1457,N522AA,146.0,140,123.0,71.0,65,DFW,PHX,868,4.0,19,0,N,0,65.0,0.0,6.0,0.0,0.0
975,2010,6,22,7,1610,1415,1628.0,1435,AA,1457,N531AA,138.0,140,119.0,113.0,115,DFW,PHX,868,4.0,15,0,N,0,113.0,0.0,0.0,0.0,0.0
978,2010,6,29,7,1449,1415,1509.0,1435,AA,1457,N517AA,140.0,140,120.0,34.0,34,DFW,PHX,868,4.0,16,0,N,0,34.0,0.0,0.0,0.0,0.0
984,2010,6,22,7,1421,1355,1741.0,1720,AA,1458,N547AA,140.0,145,114.0,21.0,26,LAX,DEN,862,7.0,19,0,N,0,4.0,0.0,0.0,0.0,17.0
988,2010,6,29,7,1424,1355,1739.0,1720,AA,1458,N499AA,135.0,145,113.0,19.0,29,LAX,DEN,862,5.0,17,0,N,0,9.0,0.0,0.0,0.0,10.0
989,2010,6,1,7,2235,2150,31.0,2355,AA,1459,N279AA,56.0,65,42.0,36.0,45,ORD,DTW,235,6.0,8,0,N,0,36.0,0.0,0.0,0.0,0.0
990,2010,6,3,2,2332,2150,140.0,2355,AA,1459,N422AA,68.0,65,44.0,105.0,102,ORD,DTW,235,4.0,20,0,N,0,0.0,0.0,3.0,0.0,102.0
991,2010,6,4,3,2311,2150,108.0,2355,AA,1459,N413AA,57.0,65,41.0,73.0,81,ORD,DTW,235,6.0,10,0,N,0,0.0,0.0,0.0,0.0,73.0
992,2010,6,5,4,2301,2150,106.0,2355,AA,1459,N420AA,65.0,65,43.0,71.0,71,ORD,DTW,235,11.0,11,0,N,0,0.0,0.0,9.0,0.0,62.0
993,2010,6,6,5,41,2150,242.0,2355,AA,1459,N576AA,61.0,65,38.0,167.0,171,ORD,DTW,235,8.0,15,0,N,0,0.0,0.0,9.0,0.0,158.0
994,2010,6,7,6,2312,2150,148.0,2355,AA,1459,N567AA,96.0,65,56.0,113.0,82,ORD,DTW,235,10.0,30,0,N,0,0.0,0.0,113.0,0.0,0.0
995,2010,6,8,7,2232,2150,50.0,2355,AA,1459,N559AA,78.0,65,44.0,55.0,42,ORD,DTW,235,8.0,26,0,N,0,0.0,0.0,55.0,0.0,0.0
996,2010,6,9,1,2216,2150,33.0,2355,AA,1459,N459AA,77.0,65,44.0,38.0,26,ORD,DTW,235,10.0,23,0,N,0,0.0,0.0,12.0,0.0,26.0
997,2010,6,10,2,2250,2150,52.0,2355,AA,1459,N544AA,62.0,65,45.0,57.0,60,ORD,DTW,235,5.0,12,0,N,0,57.0,0.0,0.0,0.0,0.0
998,2010,6,12,4,2311,2150,139.0,2355,AA,1459,N4WRAA,88.0,65,37.0,104.0,81,ORD,DTW,235,7.0,44,0,N,0,0.0,0.0,32.0,0.0,72.0
999,2010,6,13,5,2314,2150,113.0,2355,AA,1459,N418AA,59.0,65,42.0,78.0,84,ORD,DTW,235,7.0,10,0,N,0,0.0,7.0,0.0,0.0,71.0
1000,2010,6,15,7,2254,2150,121.0,2355,AA,1459,N528AA,87.0,65,39.0,86.0,64,ORD,DTW,235,8.0,40,0,N,0,32.0,0.0,22.0,0.0,32.0
